#
# A fatal error has been detected by the Java Runtime Environment:
#
#  SIGSEGV (0xb) at pc=0x00007f5b4841c3fc, pid=75979, tid=139995532752448
#
# JRE version: Java(TM) SE Runtime Environment (8.0_66-b17) (build 1.8.0_66-b17)
# Java VM: Java HotSpot(TM) 64-Bit Server VM (25.66-b17 mixed mode linux-amd64 compressed oops)
# Problematic frame:
# C  [libc.so.6+0x453fc]
#
# Failed to write core dump. Core dumps have been disabled. To enable core dumping, try "ulimit -c unlimited" before starting Java again
#
# If you would like to submit a bug report, please visit:
#   http://bugreport.java.com/bugreport/crash.jsp
# The crash happened outside the Java Virtual Machine in native code.
# See problematic frame for where to report the bug.
#

---------------  T H R E A D  ---------------

Current thread (0x00007f57a4b34800):  JavaThread "AWT-XAWT" daemon [_thread_in_native, id=76756, stack(0x00007f52cf000000,0x00007f5340000000)]

siginfo: si_signo: 11 (SIGSEGV), si_code: 128 (SI_KERNEL), si_addr: 0x0000000000000000

Registers:
RAX=0x00007f572c00008f, RBX=0x0000000000000000, RCX=0x00007f5b4846825b, RDX=0x000feae5800011e0
RSP=0x00007f533fffe660, RBP=0x0000000000000001, RSI=0x0000000000000080, RDI=0x00007f5b485f2ee8
R8 =0x0000000000000000, R9 =0x0000000000000000, R10=0x0000000000000000, R11=0x0000000000000246
R12=0x00007f5b485f1838, R13=0x00007f5a18069140, R14=0x00007f5b485f2ee8, R15=0x00007f572c11cea0
RIP=0x00007f5b4841c3fc, EFLAGS=0x0000000000010202, CSGSFS=0x002b000000000033, ERR=0x0000000000000000
  TRAPNO=0x000000000000000d

Top of Stack: (sp=0x00007f533fffe660)
0x00007f533fffe660:   0000000000000000 00007f5a1803e8b0
0x00007f533fffe670:   0000000000000000 0000000100000000
0x00007f533fffe680:   00007f57a4b34800 00007f5a9261bed0
0x00007f533fffe690:   00007f57a4d34470 0000000000000000
0x00007f533fffe6a0:   0000000000000000 00007f533fffe770
0x00007f533fffe6b0:   00007f57a4b34800 00007f5b4841c610
0x00007f533fffe6c0:   0000000000000000 00007f5a9261bee4
0x00007f533fffe6d0:   0000000000000000 00007f5a9261f39b
0x00007f533fffe6e0:   00007f57a83cade8 00007f57a4d34470
0x00007f533fffe6f0:   0000000000000000 00007f5a92622c95
0x00007f533fffe700:   00000000a96a6bc8 00007f57a4d34470
0x00007f533fffe710:   0000000000000001 00007f5a9260f208
0x00007f533fffe720:   00007f533fffe780 0000000000000000
0x00007f533fffe730:   00007f533fffe798 00007f5b3855857e
0x00007f533fffe740:   00007f533fffe790 00007f5b478820db
0x00007f533fffe750:   00007f533fffe7f0 00007f5b37cebad6
0x00007f533fffe760:   ffffffffffffffff 00007f57a83a2808
0x00007f533fffe770:   00000000a95c3030 00007f533fffe7a0
0x00007f533fffe780:   00007f533fffe7f0 00007f5b37607690
0x00007f533fffe790:   00007f5b37607690 0000000000000001
0x00007f533fffe7a0:   00007f57a4d34470 00007f5b37607760
0x00007f533fffe7b0:   00007f533fffe7b0 00007f57a83a3b6f
0x00007f533fffe7c0:   00007f533fffe838 00007f57a83bb9c8
0x00007f533fffe7d0:   0000000000000000 00007f57a83a3d98
0x00007f533fffe7e0:   00007f533fffe798 00007f533fffe830
0x00007f533fffe7f0:   00007f533fffe880 00007f5b37607c4d
0x00007f533fffe800:   0000000000000000 0000000000000000
0x00007f533fffe810:   0000000000000000 0000000000000000
0x00007f533fffe820:   0000000000000000 00000000a96ada50
0x00007f533fffe830:   0000000000000000 00000000a96ad9f8
0x00007f533fffe840:   00007f533fffe840 00007f57a83a3a9d
0x00007f533fffe850:   00007f533fffe890 00007f57a83bb9c8 

Instructions: (pc=0x00007f5b4841c3fc)
0x00007f5b4841c3dc:   1f 44 00 00 49 8b 47 08 48 85 c0 0f 84 13 01 00
0x00007f5b4841c3ec:   00 48 83 e8 01 48 89 c2 49 89 47 08 48 c1 e2 05
0x00007f5b4841c3fc:   49 8b 4c 17 10 48 83 f9 03 0f 84 ad 00 00 00 48
0x00007f5b4841c40c:   83 f9 04 74 4f 48 83 f9 02 75 cd 4c 01 fa 48 8b 

Register to memory mapping:

RAX=0x00007f572c00008f is an unknown value
RBX=0x0000000000000000 is an unknown value
RCX=0x00007f5b4846825b: __lll_lock_wait_private+0x2b in /lib/x86_64-linux-gnu/libc.so.6 at 0x00007f5b483d7000
RDX=0x000feae5800011e0 is an unknown value
RSP=0x00007f533fffe660 is pointing into the stack for thread: 0x00007f57a4b34800
RBP=0x0000000000000001 is an unknown value
RSI=0x0000000000000080 is an unknown value
RDI=0x00007f5b485f2ee8: <offset 0x21bee8> in /lib/x86_64-linux-gnu/libc.so.6 at 0x00007f5b483d7000
R8 =0x0000000000000000 is an unknown value
R9 =0x0000000000000000 is an unknown value
R10=0x0000000000000000 is an unknown value
R11=0x0000000000000246 is an unknown value
R12=0x00007f5b485f1838: <offset 0x21a838> in /lib/x86_64-linux-gnu/libc.so.6 at 0x00007f5b483d7000
R13=0x00007f5a18069140: <offset 0x3e140> in /lib/x86_64-linux-gnu/libtbbmalloc.so.2 at 0x00007f5a1802b000
R14=0x00007f5b485f2ee8: <offset 0x21bee8> in /lib/x86_64-linux-gnu/libc.so.6 at 0x00007f5b483d7000
R15=0x00007f572c11cea0 is an unknown value


Stack: [0x00007f52cf000000,0x00007f5340000000],  sp=0x00007f533fffe660,  free space=1851385k
Native frames: (J=compiled Java code, j=interpreted, Vv=VM code, C=native code)
C  [libc.so.6+0x453fc]

Java frames: (J=compiled Java code, j=interpreted, Vv=VM code)
J 6499  sun.awt.X11.XlibWrapper.XEventsQueued(JI)I (0 bytes) @ 0x00007f5b38558504 [0x00007f5b385584c0+0x44]
j  sun.awt.X11.XToolkit.run(Z)V+63
j  sun.awt.X11.XToolkit.run()V+5
j  java.lang.Thread.run()V+11
v  ~StubRoutines::call_stub

---------------  P R O C E S S  ---------------

Java Threads: ( => current thread )
=>0x00007f57a4b34800 JavaThread "AWT-XAWT" daemon [_thread_in_native, id=76756, stack(0x00007f52cf000000,0x00007f5340000000)]
  0x00007f57a4baf000 JavaThread "Java2D Disposer" daemon [_thread_blocked, id=76755, stack(0x00007f5347000000,0x00007f53b8000000)]
  0x00007f57a472b000 JavaThread "pool-2-thread-6" [_thread_blocked, id=76052, stack(0x00007f53ea000000,0x00007f545b000000)]
  0x00007f57a4729800 JavaThread "pool-2-thread-5" [_thread_blocked, id=76051, stack(0x00007f545b000000,0x00007f54cc000000)]
  0x00007f57a4727800 JavaThread "pool-2-thread-4" [_thread_blocked, id=76050, stack(0x00007f54db000000,0x00007f554c000000)]
  0x00007f57a4726000 JavaThread "pool-2-thread-3" [_thread_blocked, id=76049, stack(0x00007f5552000000,0x00007f55c3000000)]
  0x00007f57a4724000 JavaThread "pool-2-thread-2" [_thread_blocked, id=76048, stack(0x00007f55c3000000,0x00007f5634000000)]
  0x00007f57a4722800 JavaThread "pool-2-thread-1" [_thread_blocked, id=76047, stack(0x00007f563b000000,0x00007f56ac000000)]
  0x00007f57a43c7800 JavaThread "Prism Font Disposer" daemon [_thread_blocked, id=76014, stack(0x00007f56b3000000,0x00007f5724000000)]
  0x000000000178c000 JavaThread "JavaFX-Launcher" [_thread_blocked, id=76010, stack(0x00007f5733000000,0x00007f57a4000000)]
  0x0000000001788800 JavaThread "JavaFX Application Thread" [_thread_in_native, id=76008, stack(0x00007f57a9c00000,0x00007f581ac00000)]
  0x0000000001771000 JavaThread "Thread-1" daemon [_thread_blocked, id=76007, stack(0x00007f581ac00000,0x00007f588bc00000)]
  0x000000000171c800 JavaThread "QuantumRenderer-0" daemon [_thread_blocked, id=76000, stack(0x00007f589b000000,0x00007f590c000000)]
  0x00000000015c3000 JavaThread "Service Thread" daemon [_thread_blocked, id=75998, stack(0x00007f591b000000,0x00007f598c000000)]
  0x00000000015be000 JavaThread "C1 CompilerThread3" daemon [_thread_blocked, id=75997, stack(0x00007f5b10665000,0x00007f5b10765000)]
  0x00000000015bc000 JavaThread "C2 CompilerThread2" daemon [_thread_blocked, id=75996, stack(0x00007f5b10766000,0x00007f5b10866000)]
  0x00000000015ba800 JavaThread "C2 CompilerThread1" daemon [_thread_blocked, id=75995, stack(0x00007f5b10867000,0x00007f5b10967000)]
  0x00000000015b7800 JavaThread "C2 CompilerThread0" daemon [_thread_blocked, id=75994, stack(0x00007f5b10968000,0x00007f5b10a68000)]
  0x00000000015b4000 JavaThread "Signal Dispatcher" daemon [_thread_blocked, id=75993, stack(0x00007f59a3000000,0x00007f5a14000000)]
  0x000000000157b000 JavaThread "Finalizer" daemon [_thread_blocked, id=75992, stack(0x00007f5a1b000000,0x00007f5a8c000000)]
  0x0000000001579000 JavaThread "Reference Handler" daemon [_thread_blocked, id=75991, stack(0x00007f5a93000000,0x00007f5b04000000)]
  0x00000000014f9000 JavaThread "main" [_thread_blocked, id=75979, stack(0x00007fffda939000,0x00007fffdab39000)]

Other Threads:
  0x0000000001574000 VMThread [stack: 0x00007f5b10a69000,0x00007f5b10b69000] [id=75990]
  0x00000000015c6000 WatcherThread [stack: 0x00007f5b10564000,0x00007f5b10664000] [id=75999]

VM state:not at safepoint (normal execution)

VM Mutex/Monitor currently owned by a thread: None

Heap:
 PSYoungGen      total 496640K, used 381053K [0x00000000e1a00000, 0x0000000100000000, 0x0000000100000000)
  eden space 495616K, 76% used [0x00000000e1a00000,0x00000000f8d97538,0x00000000ffe00000)
  from space 1024K, 53% used [0x00000000fff00000,0x00000000fff88000,0x0000000100000000)
  to   space 1024K, 0% used [0x00000000ffe00000,0x00000000ffe00000,0x00000000fff00000)
 ParOldGen       total 490496K, used 411004K [0x00000000a4e00000, 0x00000000c2d00000, 0x00000000e1a00000)
  object space 490496K, 83% used [0x00000000a4e00000,0x00000000bdf5f388,0x00000000c2d00000)
 Metaspace       used 31943K, capacity 34222K, committed 34560K, reserved 1079296K
  class space    used 4105K, capacity 4489K, committed 4608K, reserved 1048576K

Card table byte_map: [0x00007f5b36f66000,0x00007f5b37240000] byte_map_base: 0x00007f5b36a3f000

Marking Bits: (ParMarkBitMap*) 0x00007f5b481af020
 Begin Bits: [0x00007f5b11270000, 0x00007f5b12938000)
 End Bits:   [0x00007f5b12938000, 0x00007f5b14000000)

Polling page: 0x00007f5b488aa000

CodeCache: size=245760Kb used=21703Kb max_used=21721Kb free=224056Kb
 bounds [0x00007f5b37600000, 0x00007f5b38b70000, 0x00007f5b46600000]
 total_blobs=7463 nmethods=6637 adapters=736
 compilation: enabled

Compilation events (10 events):
Event: 3138.997 Thread 0x00000000015b7800 nmethod 8874 0x00007f5b389b3ad0 code [0x00007f5b389b3c40, 0x00007f5b389b3df8]
Event: 3139.148 Thread 0x00000000015bc000 nmethod 8858% 0x00007f5b38b56110 code [0x00007f5b38b56680, 0x00007f5b38b5d660]
Event: 3139.497 Thread 0x00000000015ba800 8875       4       com.sun.prism.sw.SWPaint::computeDrawTexturePaintTransform (219 bytes)
Event: 3139.503 Thread 0x00000000015ba800 nmethod 8875 0x00007f5b38b43f50 code [0x00007f5b38b44260, 0x00007f5b38b451f0]
Event: 3139.651 Thread 0x00000000015be000 8876       3       com.sun.javafx.scene.control.skin.TextInputControlSkin::setCaretAnimating (30 bytes)
Event: 3139.652 Thread 0x00000000015be000 nmethod 8876 0x00007f5b38b1ac10 code [0x00007f5b38b1adc0, 0x00007f5b38b1b368]
Event: 3139.663 Thread 0x00000000015be000 8877       3       com.sun.scenario.effect.impl.state.BoxRenderState::getPassKernelSize (50 bytes)
Event: 3139.663 Thread 0x00000000015be000 nmethod 8877 0x00007f5b38b43850 code [0x00007f5b38b43a20, 0x00007f5b38b43de8]
Event: 3139.842 Thread 0x00000000015be000 8878       3       com.sun.prism.sw.SWGraphics::drawTexture3SliceV (72 bytes)
Event: 3139.843 Thread 0x00000000015be000 nmethod 8878 0x00007f5b38b43210 code [0x00007f5b38b433a0, 0x00007f5b38b43708]

GC Heap History (10 events):
Event: 2954.460 GC heap before
{Heap before GC invocations=2401 (full 11):
 PSYoungGen      total 496640K, used 495840K [0x00000000e1a00000, 0x0000000100000000, 0x0000000100000000)
  eden space 495616K, 100% used [0x00000000e1a00000,0x00000000ffe00000,0x00000000ffe00000)
  from space 1024K, 21% used [0x00000000ffe00000,0x00000000ffe38000,0x00000000fff00000)
  to   space 1024K, 0% used [0x00000000fff00000,0x00000000fff00000,0x0000000100000000)
 ParOldGen       total 490496K, used 405751K [0x00000000a4e00000, 0x00000000c2d00000, 0x00000000e1a00000)
  object space 490496K, 82% used [0x00000000a4e00000,0x00000000bda3dfb8,0x00000000c2d00000)
 Metaspace       used 31622K, capacity 33790K, committed 33920K, reserved 1079296K
  class space    used 4039K, capacity 4407K, committed 4480K, reserved 1048576K
Event: 2954.462 GC heap after
Heap after GC invocations=2401 (full 11):
 PSYoungGen      total 496640K, used 640K [0x00000000e1a00000, 0x0000000100000000, 0x0000000100000000)
  eden space 495616K, 0% used [0x00000000e1a00000,0x00000000e1a00000,0x00000000ffe00000)
  from space 1024K, 62% used [0x00000000fff00000,0x00000000fffa0000,0x0000000100000000)
  to   space 1024K, 0% used [0x00000000ffe00000,0x00000000ffe00000,0x00000000fff00000)
 ParOldGen       total 490496K, used 405831K [0x00000000a4e00000, 0x00000000c2d00000, 0x00000000e1a00000)
  object space 490496K, 82% used [0x00000000a4e00000,0x00000000bda51fb8,0x00000000c2d00000)
 Metaspace       used 31622K, capacity 33790K, committed 33920K, reserved 1079296K
  class space    used 4039K, capacity 4407K, committed 4480K, reserved 1048576K
}
Event: 2954.646 GC heap before
{Heap before GC invocations=2402 (full 11):
 PSYoungGen      total 496640K, used 496256K [0x00000000e1a00000, 0x0000000100000000, 0x0000000100000000)
  eden space 495616K, 100% used [0x00000000e1a00000,0x00000000ffe00000,0x00000000ffe00000)
  from space 1024K, 62% used [0x00000000fff00000,0x00000000fffa0000,0x0000000100000000)
  to   space 1024K, 0% used [0x00000000ffe00000,0x00000000ffe00000,0x00000000fff00000)
 ParOldGen       total 490496K, used 405831K [0x00000000a4e00000, 0x00000000c2d00000, 0x00000000e1a00000)
  object space 490496K, 82% used [0x00000000a4e00000,0x00000000bda51fb8,0x00000000c2d00000)
 Metaspace       used 31622K, capacity 33790K, committed 33920K, reserved 1079296K
  class space    used 4039K, capacity 4407K, committed 4480K, reserved 1048576K
Event: 2954.648 GC heap after
Heap after GC invocations=2402 (full 11):
 PSYoungGen      total 496640K, used 576K [0x00000000e1a00000, 0x0000000100000000, 0x0000000100000000)
  eden space 495616K, 0% used [0x00000000e1a00000,0x00000000e1a00000,0x00000000ffe00000)
  from space 1024K, 56% used [0x00000000ffe00000,0x00000000ffe90000,0x00000000fff00000)
  to   space 1024K, 0% used [0x00000000fff00000,0x00000000fff00000,0x0000000100000000)
 ParOldGen       total 490496K, used 406311K [0x00000000a4e00000, 0x00000000c2d00000, 0x00000000e1a00000)
  object space 490496K, 82% used [0x00000000a4e00000,0x00000000bdac9fb8,0x00000000c2d00000)
 Metaspace       used 31622K, capacity 33790K, committed 33920K, reserved 1079296K
  class space    used 4039K, capacity 4407K, committed 4480K, reserved 1048576K
}
Event: 2972.868 GC heap before
{Heap before GC invocations=2403 (full 11):
 PSYoungGen      total 496640K, used 496192K [0x00000000e1a00000, 0x0000000100000000, 0x0000000100000000)
  eden space 495616K, 100% used [0x00000000e1a00000,0x00000000ffe00000,0x00000000ffe00000)
  from space 1024K, 56% used [0x00000000ffe00000,0x00000000ffe90000,0x00000000fff00000)
  to   space 1024K, 0% used [0x00000000fff00000,0x00000000fff00000,0x0000000100000000)
 ParOldGen       total 490496K, used 406311K [0x00000000a4e00000, 0x00000000c2d00000, 0x00000000e1a00000)
  object space 490496K, 82% used [0x00000000a4e00000,0x00000000bdac9fb8,0x00000000c2d00000)
 Metaspace       used 31622K, capacity 33790K, committed 33920K, reserved 1079296K
  class space    used 4039K, capacity 4407K, committed 4480K, reserved 1048576K
Event: 2972.876 GC heap after
Heap after GC invocations=2403 (full 11):
 PSYoungGen      total 496640K, used 610K [0x00000000e1a00000, 0x0000000100000000, 0x0000000100000000)
  eden space 495616K, 0% used [0x00000000e1a00000,0x00000000e1a00000,0x00000000ffe00000)
  from space 1024K, 59% used [0x00000000fff00000,0x00000000fff98ac8,0x0000000100000000)
  to   space 1024K, 0% used [0x00000000ffe00000,0x00000000ffe00000,0x00000000fff00000)
 ParOldGen       total 490496K, used 406359K [0x00000000a4e00000, 0x00000000c2d00000, 0x00000000e1a00000)
  object space 490496K, 82% used [0x00000000a4e00000,0x00000000bdad5fb8,0x00000000c2d00000)
 Metaspace       used 31622K, capacity 33790K, committed 33920K, reserved 1079296K
  class space    used 4039K, capacity 4407K, committed 4480K, reserved 1048576K
}
Event: 2989.800 GC heap before
{Heap before GC invocations=2404 (full 11):
 PSYoungGen      total 496640K, used 496226K [0x00000000e1a00000, 0x0000000100000000, 0x0000000100000000)
  eden space 495616K, 100% used [0x00000000e1a00000,0x00000000ffe00000,0x00000000ffe00000)
  from space 1024K, 59% used [0x00000000fff00000,0x00000000fff98ac8,0x0000000100000000)
  to   space 1024K, 0% used [0x00000000ffe00000,0x00000000ffe00000,0x00000000fff00000)
 ParOldGen       total 490496K, used 406359K [0x00000000a4e00000, 0x00000000c2d00000, 0x00000000e1a00000)
  object space 490496K, 82% used [0x00000000a4e00000,0x00000000bdad5fb8,0x00000000c2d00000)
 Metaspace       used 31622K, capacity 33790K, committed 33920K, reserved 1079296K
  class space    used 4039K, capacity 4407K, committed 4480K, reserved 1048576K
Event: 2989.803 GC heap after
Heap after GC invocations=2404 (full 11):
 PSYoungGen      total 496640K, used 288K [0x00000000e1a00000, 0x0000000100000000, 0x0000000100000000)
  eden space 495616K, 0% used [0x00000000e1a00000,0x00000000e1a00000,0x00000000ffe00000)
  from space 1024K, 28% used [0x00000000ffe00000,0x00000000ffe48000,0x00000000fff00000)
  to   space 1024K, 0% used [0x00000000fff00000,0x00000000fff00000,0x0000000100000000)
 ParOldGen       total 490496K, used 406799K [0x00000000a4e00000, 0x00000000c2d00000, 0x00000000e1a00000)
  object space 490496K, 82% used [0x00000000a4e00000,0x00000000bdb43eb8,0x00000000c2d00000)
 Metaspace       used 31622K, capacity 33790K, committed 33920K, reserved 1079296K
  class space    used 4039K, capacity 4407K, committed 4480K, reserved 1048576K
}
Event: 3044.517 GC heap before
{Heap before GC invocations=2405 (full 11):
 PSYoungGen      total 496640K, used 495904K [0x00000000e1a00000, 0x0000000100000000, 0x0000000100000000)
  eden space 495616K, 100% used [0x00000000e1a00000,0x00000000ffe00000,0x00000000ffe00000)
  from space 1024K, 28% used [0x00000000ffe00000,0x00000000ffe48000,0x00000000fff00000)
  to   space 1024K, 0% used [0x00000000fff00000,0x00000000fff00000,0x0000000100000000)
 ParOldGen       total 490496K, used 406799K [0x00000000a4e00000, 0x00000000c2d00000, 0x00000000e1a00000)
  object space 490496K, 82% used [0x00000000a4e00000,0x00000000bdb43eb8,0x00000000c2d00000)
 Metaspace       used 31622K, capacity 33790K, committed 33920K, reserved 1079296K
  class space    used 4039K, capacity 4407K, committed 4480K, reserved 1048576K
Event: 3044.520 GC heap after
Heap after GC invocations=2405 (full 11):
 PSYoungGen      total 496640K, used 544K [0x00000000e1a00000, 0x0000000100000000, 0x0000000100000000)
  eden space 495616K, 0% used [0x00000000e1a00000,0x00000000e1a00000,0x00000000ffe00000)
  from space 1024K, 53% used [0x00000000fff00000,0x00000000fff88000,0x0000000100000000)
  to   space 1024K, 0% used [0x00000000ffe00000,0x00000000ffe00000,0x00000000fff00000)
 ParOldGen       total 490496K, used 411004K [0x00000000a4e00000, 0x00000000c2d00000, 0x00000000e1a00000)
  object space 490496K, 83% used [0x00000000a4e00000,0x00000000bdf5f388,0x00000000c2d00000)
 Metaspace       used 31622K, capacity 33790K, committed 33920K, reserved 1079296K
  class space    used 4039K, capacity 4407K, committed 4480K, reserved 1048576K
}

Deoptimization events (10 events):
Event: 3134.652 Thread 0x0000000001788800 Uncommon trap: reason=unstable_if action=reinterpret pc=0x00007f5b380788c0 method=com.sun.javafx.text.TextRun.getPosX(I)F @ 75
Event: 3135.117 Thread 0x0000000001788800 Uncommon trap: reason=unstable_if action=reinterpret pc=0x00007f5b384a516c method=javafx.scene.control.Labeled.isWrapText()Z @ 4
Event: 3135.117 Thread 0x0000000001788800 Uncommon trap: reason=unstable_if action=reinterpret pc=0x00007f5b383dc098 method=javafx.scene.control.Labeled.isWrapText()Z @ 4
Event: 3135.119 Thread 0x0000000001788800 Uncommon trap: reason=class_check action=maybe_recompile pc=0x00007f5b3801fadc method=javafx.scene.CssStyleHelper.lookup(Ljavafx/css/Styleable;Ljavafx/css/CssMetaData;Lcom/sun/javafx/css/StyleMap;Ljava/util/Set;Ljavafx/css/Styleable;Lcom/sun/javafx/css/Ca
Event: 3135.120 Thread 0x0000000001788800 Uncommon trap: reason=class_check action=maybe_recompile pc=0x00007f5b37d74500 method=java.util.WeakHashMap.eq(Ljava/lang/Object;Ljava/lang/Object;)Z @ 7
Event: 3135.762 Thread 0x000000000171c800 Uncommon trap: reason=bimorphic action=maybe_recompile pc=0x00007f5b3891cca0 method=com.sun.javafx.sg.prism.NGNode.getCompleteBounds(Lcom/sun/javafx/geom/BaseBounds;Lcom/sun/javafx/geom/transform/BaseTransform;)Lcom/sun/javafx/geom/BaseBounds; @ 1
Event: 3135.762 Thread 0x000000000171c800 Uncommon trap: reason=bimorphic action=maybe_recompile pc=0x00007f5b3801e06c method=com.sun.javafx.sg.prism.NGNode.getContentBounds(Lcom/sun/javafx/geom/BaseBounds;Lcom/sun/javafx/geom/transform/BaseTransform;)Lcom/sun/javafx/geom/BaseBounds; @ 24
Event: 3135.795 Thread 0x000000000171c800 Uncommon trap: reason=bimorphic action=maybe_recompile pc=0x00007f5b38a5fcec method=com.sun.javafx.sg.prism.NGNode.getContentBounds(Lcom/sun/javafx/geom/BaseBounds;Lcom/sun/javafx/geom/transform/BaseTransform;)Lcom/sun/javafx/geom/BaseBounds; @ 24
Event: 3137.978 Thread 0x0000000001788800 Uncommon trap: reason=class_check action=maybe_recompile pc=0x00007f5b3801fadc method=javafx.scene.CssStyleHelper.lookup(Ljavafx/css/Styleable;Ljavafx/css/CssMetaData;Lcom/sun/javafx/css/StyleMap;Ljava/util/Set;Ljavafx/css/Styleable;Lcom/sun/javafx/css/Ca
Event: 3137.979 Thread 0x0000000001788800 Uncommon trap: reason=class_check action=maybe_recompile pc=0x00007f5b37d74500 method=java.util.WeakHashMap.eq(Ljava/lang/Object;Ljava/lang/Object;)Z @ 7

Internal exceptions (10 events):
Event: 3118.761 Thread 0x0000000001788800 Implicit null exception at 0x00007f5b3839cd6a to 0x00007f5b3839cecd
Event: 3118.764 Thread 0x0000000001788800 Implicit null exception at 0x00007f5b3865c096 to 0x00007f5b386624ad
Event: 3118.764 Thread 0x0000000001788800 Implicit null exception at 0x00007f5b383cb9ee to 0x00007f5b383ce149
Event: 3118.764 Thread 0x0000000001788800 Implicit null exception at 0x00007f5b37a61f3a to 0x00007f5b37a627a5
Event: 3118.771 Thread 0x0000000001788800 Implicit null exception at 0x00007f5b3863e5b7 to 0x00007f5b3863f6e5
Event: 3119.905 Thread 0x000000000171c800 Implicit null exception at 0x00007f5b37b74334 to 0x00007f5b37b7435d
Event: 3119.905 Thread 0x000000000171c800 Implicit null exception at 0x00007f5b38436511 to 0x00007f5b3843654a
Event: 3123.592 Thread 0x0000000001788800 Exception <a 'java/lang/RuntimeException'> (0x00000000f38e36b8) thrown at [/HUDSON/workspace/8-2-build-linux-amd64/jdk8u66/4988/hotspot/src/share/vm/prims/jvm.cpp, line 1390]
Event: 3135.117 Thread 0x0000000001788800 Implicit null exception at 0x00007f5b384a50d3 to 0x00007f5b384a5159
Event: 3135.117 Thread 0x0000000001788800 Implicit null exception at 0x00007f5b383dc013 to 0x00007f5b383dc085

Events (10 events):
Event: 3137.979 Thread 0x0000000001788800 DEOPT PACKING pc=0x00007f5b37d74500 sp=0x00007f581abfbaa0
Event: 3137.979 Thread 0x0000000001788800 DEOPT UNPACKING pc=0x00007f5b37605229 sp=0x00007f581abfba08 mode 2
Event: 3137.979 Thread 0x00000000015b7800 flushing nmethod 0x00007f5b389b23d0
Event: 3137.979 Thread 0x00000000015b7800 flushing nmethod 0x00007f5b38a0f8d0
Event: 3137.991 Executing VM operation: RevokeBias
Event: 3137.991 Executing VM operation: RevokeBias done
Event: 3139.650 loading class javafx/scene/input/ClipboardContent
Event: 3139.650 loading class javafx/scene/input/ClipboardContent done
Event: 3139.651 loading class javafx/util/Pair
Event: 3139.651 loading class javafx/util/Pair done


Dynamic libraries:
00400000-00401000 r-xp 00000000 08:20 104422                             /usr/local/bin/java/jdk1.8.0_66/bin/java
00600000-00601000 rw-p 00000000 08:20 104422                             /usr/local/bin/java/jdk1.8.0_66/bin/java
014ec000-01989000 rw-p 00000000 00:00 0                                  [heap]
a4e00000-c2d00000 rw-p 00000000 00:00 0 
c2d00000-e1a00000 ---p 00000000 00:00 0 
e1a00000-100000000 rw-p 00000000 00:00 0 
100000000-100480000 rw-p 00000000 00:00 0 
100480000-140000000 ---p 00000000 00:00 0 
7f4ff0000000-7f4ff0f92000 rw-p 00000000 00:00 0 
7f4ff0f92000-7f4ff4000000 ---p 00000000 00:00 0 
7f4ff4000000-7f4ff4e97000 rw-p 00000000 00:00 0 
7f4ff4e97000-7f4ff8000000 ---p 00000000 00:00 0 
7f4ff8000000-7f4ff925f000 rw-p 00000000 00:00 0 
7f4ff925f000-7f4ffc000000 ---p 00000000 00:00 0 
7f5070000000-7f50713b0000 rw-p 00000000 00:00 0 
7f50713b0000-7f5074000000 ---p 00000000 00:00 0 
7f5077000000-7f5077003000 ---p 00000000 00:00 0 
7f5077003000-7f50e8000000 rw-p 00000000 00:00 0 
7f50e8000000-7f50e9575000 rw-p 00000000 00:00 0 
7f50e9575000-7f50ec000000 ---p 00000000 00:00 0 
7f5160000000-7f5160f80000 rw-p 00000000 00:00 0 
7f5160f80000-7f5164000000 ---p 00000000 00:00 0 
7f51d8000000-7f51d93a5000 rw-p 00000000 00:00 0 
7f51d93a5000-7f51dc000000 ---p 00000000 00:00 0 
7f5250000000-7f52511b4000 rw-p 00000000 00:00 0 
7f52511b4000-7f5254000000 ---p 00000000 00:00 0 
7f52c8000000-7f52c802a000 rw-p 00000000 00:00 0 
7f52c802a000-7f52cc000000 ---p 00000000 00:00 0 
7f52cf000000-7f52cf003000 ---p 00000000 00:00 0 
7f52cf003000-7f5340000000 rw-p 00000000 00:00 0 
7f5340000000-7f53400ab000 rw-p 00000000 00:00 0 
7f53400ab000-7f5344000000 ---p 00000000 00:00 0 
7f5347000000-7f5347003000 ---p 00000000 00:00 0 
7f5347003000-7f53b8000000 rw-p 00000000 00:00 0 
7f53b8000000-7f53b851b000 rw-p 00000000 00:00 0 
7f53b851b000-7f53bc000000 ---p 00000000 00:00 0 
7f53bc000000-7f53bca90000 rw-p 00000000 00:00 0 
7f53bca90000-7f53c0000000 ---p 00000000 00:00 0 
7f53c0000000-7f53c0499000 rw-p 00000000 00:00 0 
7f53c0499000-7f53c4000000 ---p 00000000 00:00 0 
7f53c4000000-7f53c4483000 rw-p 00000000 00:00 0 
7f53c4483000-7f53c8000000 ---p 00000000 00:00 0 
7f53c8000000-7f53c84e8000 rw-p 00000000 00:00 0 
7f53c84e8000-7f53cc000000 ---p 00000000 00:00 0 
7f53cc000000-7f53cc47d000 rw-p 00000000 00:00 0 
7f53cc47d000-7f53d0000000 ---p 00000000 00:00 0 
7f53d0000000-7f53d04bb000 rw-p 00000000 00:00 0 
7f53d04bb000-7f53d4000000 ---p 00000000 00:00 0 
7f53d4000000-7f53d445f000 rw-p 00000000 00:00 0 
7f53d445f000-7f53d8000000 ---p 00000000 00:00 0 
7f53d8000000-7f53d8448000 rw-p 00000000 00:00 0 
7f53d8448000-7f53dc000000 ---p 00000000 00:00 0 
7f53dc000000-7f53dc4b1000 rw-p 00000000 00:00 0 
7f53dc4b1000-7f53e0000000 ---p 00000000 00:00 0 
7f53e0000000-7f53e0475000 rw-p 00000000 00:00 0 
7f53e0475000-7f53e4000000 ---p 00000000 00:00 0 
7f53e4000000-7f53e4023000 rw-p 00000000 00:00 0 
7f53e4023000-7f53e8000000 ---p 00000000 00:00 0 
7f53ea000000-7f53ea003000 ---p 00000000 00:00 0 
7f53ea003000-7f545b000000 rw-p 00000000 00:00 0 
7f545b000000-7f545b003000 ---p 00000000 00:00 0 
7f545b003000-7f54cc000000 rw-p 00000000 00:00 0 
7f54cc000000-7f54cc991000 rw-p 00000000 00:00 0 
7f54cc991000-7f54d0000000 ---p 00000000 00:00 0 
7f54d0000000-7f54d0a08000 rw-p 00000000 00:00 0 
7f54d0a08000-7f54d4000000 ---p 00000000 00:00 0 
7f54d4000000-7f54d490a000 rw-p 00000000 00:00 0 
7f54d490a000-7f54d8000000 ---p 00000000 00:00 0 
7f54db000000-7f54db003000 ---p 00000000 00:00 0 
7f54db003000-7f554c000000 rw-p 00000000 00:00 0 
7f554c000000-7f554cf49000 rw-p 00000000 00:00 0 
7f554cf49000-7f5550000000 ---p 00000000 00:00 0 
7f5552000000-7f5552003000 ---p 00000000 00:00 0 
7f5552003000-7f55c3000000 rw-p 00000000 00:00 0 
7f55c3000000-7f55c3003000 ---p 00000000 00:00 0 
7f55c3003000-7f5634000000 rw-p 00000000 00:00 0 
7f5634000000-7f56345a8000 rw-p 00000000 00:00 0 
7f56345a8000-7f5638000000 ---p 00000000 00:00 0 
7f563a3ff000-7f563a400000 ---p 00000000 00:00 0 
7f563a400000-7f563ac00000 rw-p 00000000 00:00 0 
7f563ac00000-7f563ac65000 r-xp 00000000 08:20 109740                     /usr/local/bin/java/jdk1.8.0_66/jre/lib/amd64/libfontmanager.so
7f563ac65000-7f563ae65000 ---p 00065000 08:20 109740                     /usr/local/bin/java/jdk1.8.0_66/jre/lib/amd64/libfontmanager.so
7f563ae65000-7f563ae69000 rw-p 00065000 08:20 109740                     /usr/local/bin/java/jdk1.8.0_66/jre/lib/amd64/libfontmanager.so
7f563ae69000-7f563ae7a000 rw-p 00000000 00:00 0 
7f563b000000-7f563b003000 ---p 00000000 00:00 0 
7f563b003000-7f56ac000000 rw-p 00000000 00:00 0 
7f56ac000000-7f56ac021000 rw-p 00000000 00:00 0 
7f56ac021000-7f56b0000000 ---p 00000000 00:00 0 
7f56b0400000-7f56b0454000 r-xp 00000000 08:20 109765                     /usr/local/bin/java/jdk1.8.0_66/jre/lib/amd64/libawt_xawt.so
7f56b0454000-7f56b0654000 ---p 00054000 08:20 109765                     /usr/local/bin/java/jdk1.8.0_66/jre/lib/amd64/libawt_xawt.so
7f56b0654000-7f56b0658000 rw-p 00054000 08:20 109765                     /usr/local/bin/java/jdk1.8.0_66/jre/lib/amd64/libawt_xawt.so
7f56b0658000-7f56b0659000 rw-p 00000000 00:00 0 
7f56b07fe000-7f56b07ff000 ---p 00000000 00:00 0 
7f56b07ff000-7f56b0bff000 rw-p 00000000 00:00 0 
7f56b0bff000-7f56b0c00000 ---p 00000000 00:00 0 
7f56b0c00000-7f56b1000000 rw-p 00000000 00:00 0 
7f56b1000000-7f56b3000000 rw-s 00000000 00:01 43                         /SYSV00000000 (deleted)
7f56b3000000-7f56b3003000 ---p 00000000 00:00 0 
7f56b3003000-7f5724000000 rw-p 00000000 00:00 0 
7f5724000000-7f57244a6000 rw-p 00000000 00:00 0 
7f57244a6000-7f5728000000 ---p 00000000 00:00 0 
7f57283fc000-7f57283fd000 ---p 00000000 00:00 0 
7f57283fd000-7f57287fd000 rw-p 00000000 00:00 0 
7f57287fd000-7f57287fe000 ---p 00000000 00:00 0 
7f57287fe000-7f5728bfe000 rw-p 00000000 00:00 0 
7f5728bfe000-7f5728bff000 ---p 00000000 00:00 0 
7f5728bff000-7f572c000000 rw-p 00000000 00:00 0 
7f572c000000-7f572c124000 rw-p 00000000 00:00 0 
7f572c124000-7f5730000000 ---p 00000000 00:00 0 
7f57303a8000-7f57303a9000 ---p 00000000 00:00 0 
7f57303a9000-7f57307a9000 rw-p 00000000 00:00 0 
7f57307a9000-7f57307aa000 ---p 00000000 00:00 0 
7f57307aa000-7f5730baa000 rw-p 00000000 00:00 0 
7f5730baa000-7f5730bab000 ---p 00000000 00:00 0 
7f5730bab000-7f5730fab000 rw-p 00000000 00:00 0 
7f5730fab000-7f5730fac000 ---p 00000000 00:00 0 
7f5730fac000-7f57313ac000 rw-p 00000000 00:00 0 
7f57313ac000-7f57313ad000 ---p 00000000 00:00 0 
7f57313ad000-7f5731bad000 rw-p 00000000 00:00 0 
7f5731c00000-7f5731d40000 rw-p 00000000 00:00 0 
7f5731d40000-7f5731e00000 ---p 00000000 00:00 0 
7f5731e00000-7f5731ea2000 r-xp 00000000 08:20 109751                     /usr/local/bin/java/jdk1.8.0_66/jre/lib/amd64/libawt.so
7f5731ea2000-7f57320a2000 ---p 000a2000 08:20 109751                     /usr/local/bin/java/jdk1.8.0_66/jre/lib/amd64/libawt.so
7f57320a2000-7f57320ae000 rw-p 000a2000 08:20 109751                     /usr/local/bin/java/jdk1.8.0_66/jre/lib/amd64/libawt.so
7f57320ae000-7f57320d2000 rw-p 00000000 00:00 0 
7f5732200000-7f5732210000 r-xp 00000000 08:20 109737                     /usr/local/bin/java/jdk1.8.0_66/jre/lib/amd64/libdecora_sse.so
7f5732210000-7f573240f000 ---p 00010000 08:20 109737                     /usr/local/bin/java/jdk1.8.0_66/jre/lib/amd64/libdecora_sse.so
7f573240f000-7f5732410000 rw-p 0000f000 08:20 109737                     /usr/local/bin/java/jdk1.8.0_66/jre/lib/amd64/libdecora_sse.so
7f5732600000-7f5732800000 rw-p 00000000 00:00 0 
7f5732800000-7f5732a00000 rw-p 00000000 00:00 0 
7f5732a00000-7f5732c00000 rw-p 00000000 00:00 0 
7f5732c00000-7f5732c04000 r-xp 00000000 08:20 109712                     /usr/local/bin/java/jdk1.8.0_66/jre/lib/amd64/libjavafx_font_pango.so
7f5732c04000-7f5732e03000 ---p 00004000 08:20 109712                     /usr/local/bin/java/jdk1.8.0_66/jre/lib/amd64/libjavafx_font_pango.so
7f5732e03000-7f5732e04000 rw-p 00003000 08:20 109712                     /usr/local/bin/java/jdk1.8.0_66/jre/lib/amd64/libjavafx_font_pango.so
7f5733000000-7f5733003000 ---p 00000000 00:00 0 
7f5733003000-7f57a4000000 rw-p 00000000 00:00 0 
7f57a4000000-7f57a8000000 rw-p 00000000 00:00 0 
7f57a8000000-7f57a8200000 rw-p 00000000 00:00 0 
7f57a8200000-7f57a8400000 rw-p 00000000 00:00 0 
7f57a8400000-7f57a8600000 rw-p 00000000 00:00 0 
7f57a8600000-7f57a8800000 rw-p 00000000 00:00 0 
7f57a8800000-7f57a8816000 r-xp 00000000 08:20 109758                     /usr/local/bin/java/jdk1.8.0_66/jre/lib/amd64/libnet.so
7f57a8816000-7f57a8a16000 ---p 00016000 08:20 109758                     /usr/local/bin/java/jdk1.8.0_66/jre/lib/amd64/libnet.so
7f57a8a16000-7f57a8a17000 rw-p 00016000 08:20 109758                     /usr/local/bin/java/jdk1.8.0_66/jre/lib/amd64/libnet.so
7f57a8c00000-7f57a8c11000 r-xp 00000000 08:20 109761                     /usr/local/bin/java/jdk1.8.0_66/jre/lib/amd64/libnio.so
7f57a8c11000-7f57a8e10000 ---p 00011000 08:20 109761                     /usr/local/bin/java/jdk1.8.0_66/jre/lib/amd64/libnio.so
7f57a8e10000-7f57a8e11000 rw-p 00010000 08:20 109761                     /usr/local/bin/java/jdk1.8.0_66/jre/lib/amd64/libnio.so
7f57a9000000-7f57a9005000 r-xp 00000000 08:20 109715                     /usr/local/bin/java/jdk1.8.0_66/jre/lib/amd64/libjavafx_font_freetype.so
7f57a9005000-7f57a9204000 ---p 00005000 08:20 109715                     /usr/local/bin/java/jdk1.8.0_66/jre/lib/amd64/libjavafx_font_freetype.so
7f57a9204000-7f57a9205000 rw-p 00004000 08:20 109715                     /usr/local/bin/java/jdk1.8.0_66/jre/lib/amd64/libjavafx_font_freetype.so
7f57a9400000-7f57a9403000 r-xp 00000000 08:20 109759                     /usr/local/bin/java/jdk1.8.0_66/jre/lib/amd64/libjavafx_font.so
7f57a9403000-7f57a9602000 ---p 00003000 08:20 109759                     /usr/local/bin/java/jdk1.8.0_66/jre/lib/amd64/libjavafx_font.so
7f57a9602000-7f57a9603000 rw-p 00002000 08:20 109759                     /usr/local/bin/java/jdk1.8.0_66/jre/lib/amd64/libjavafx_font.so
7f57a9800000-7f57a9818000 r-xp 00000000 08:20 120822                     /tmp/jna-506851387/jna1582378948139073761.tmp (deleted)
7f57a9818000-7f57a9a18000 ---p 00018000 08:20 120822                     /tmp/jna-506851387/jna1582378948139073761.tmp (deleted)
7f57a9a18000-7f57a9a19000 rw-p 00018000 08:20 120822                     /tmp/jna-506851387/jna1582378948139073761.tmp (deleted)
7f57a9a46000-7f57a9aa6000 rw-s 00000000 00:01 45                         /SYSV00000000 (deleted)
7f57a9aa6000-7f57a9b53000 r--p 00000000 08:20 6308                       /usr/share/fonts/truetype/dejavu/DejaVuSans-Bold.ttf
7f57a9b53000-7f57a9c00000 r--p 00000000 08:20 6308                       /usr/share/fonts/truetype/dejavu/DejaVuSans-Bold.ttf
7f57a9c00000-7f57a9c03000 ---p 00000000 00:00 0 
7f57a9c03000-7f581ac00000 rw-p 00000000 00:00 0 
7f581ac00000-7f581ac03000 ---p 00000000 00:00 0 
7f581ac03000-7f588bc00000 rw-p 00000000 00:00 0 
7f588bc00000-7f588bc29000 r-xp 00000000 08:20 109735                     /usr/local/bin/java/jdk1.8.0_66/jre/lib/amd64/libglass.so
7f588bc29000-7f588be28000 ---p 00029000 08:20 109735                     /usr/local/bin/java/jdk1.8.0_66/jre/lib/amd64/libglass.so
7f588be28000-7f588be2b000 rw-p 00028000 08:20 109735                     /usr/local/bin/java/jdk1.8.0_66/jre/lib/amd64/libglass.so
7f588be46000-7f588beff000 r--p 00000000 08:20 6309                       /usr/share/fonts/truetype/dejavu/DejaVuSans.ttf
7f588beff000-7f588c000000 rw-p 00000000 00:00 0 
7f588c000000-7f588c021000 rw-p 00000000 00:00 0 
7f588c021000-7f5890000000 ---p 00000000 00:00 0 
7f5890000000-7f5890200000 rw-p 00000000 00:00 0 
7f5890200000-7f5890400000 rw-p 00000000 00:00 0 
7f5890400000-7f589040f000 r-xp 00000000 08:20 109733                     /usr/local/bin/java/jdk1.8.0_66/jre/lib/amd64/libprism_sw.so
7f589040f000-7f589060f000 ---p 0000f000 08:20 109733                     /usr/local/bin/java/jdk1.8.0_66/jre/lib/amd64/libprism_sw.so
7f589060f000-7f5890610000 rw-p 0000f000 08:20 109733                     /usr/local/bin/java/jdk1.8.0_66/jre/lib/amd64/libprism_sw.so
7f5890644000-7f58906fd000 r--p 00000000 08:20 6309                       /usr/share/fonts/truetype/dejavu/DejaVuSans.ttf
7f58906fd000-7f58907fe000 rw-p 00000000 00:00 0 
7f58907fe000-7f58907ff000 ---p 00000000 00:00 0 
7f58907ff000-7f5890fff000 rw-p 00000000 00:00 0 
7f5890fff000-7f5891000000 ---p 00000000 00:00 0 
7f5891000000-7f5891800000 rw-p 00000000 00:00 0 
7f5891800000-7f5893c41000 r-xp 00000000 00:1c 1407374883781053           /usr/lib/wsl/drivers/iigd_dch.inf_amd64_1eeee852f82565bd/libLLVM-9.so
7f5893c41000-7f5893e41000 ---p 02441000 00:1c 1407374883781053           /usr/lib/wsl/drivers/iigd_dch.inf_amd64_1eeee852f82565bd/libLLVM-9.so
7f5893e41000-7f5893ea5000 r--p 02441000 00:1c 1407374883781053           /usr/lib/wsl/drivers/iigd_dch.inf_amd64_1eeee852f82565bd/libLLVM-9.so
7f5893ea5000-7f5893ec7000 rw-p 024a5000 00:1c 1407374883781053           /usr/lib/wsl/drivers/iigd_dch.inf_amd64_1eeee852f82565bd/libLLVM-9.so
7f5893ec7000-7f5893f05000 rw-p 00000000 00:00 0 
7f5893f0d000-7f589400e000 rw-p 00000000 00:00 0 
7f589400e000-7f589a720000 r-xp 00000000 08:20 64148                      /usr/lib/x86_64-linux-gnu/libLLVM-15.so.1
7f589a720000-7f589af3e000 r--p 06711000 08:20 64148                      /usr/lib/x86_64-linux-gnu/libLLVM-15.so.1
7f589af3e000-7f589af84000 rw-p 06f2f000 08:20 64148                      /usr/lib/x86_64-linux-gnu/libLLVM-15.so.1
7f589af84000-7f589b000000 rw-p 00000000 00:00 0 
7f589b000000-7f589b003000 ---p 00000000 00:00 0 
7f589b003000-7f590c000000 rw-p 00000000 00:00 0 
7f590c000000-7f590c021000 rw-p 00000000 00:00 0 
7f590c021000-7f5910000000 ---p 00000000 00:00 0 
7f5910000000-7f59116d0000 rw-p 00000000 00:00 0 
7f59116d0000-7f5914000000 ---p 00000000 00:00 0 
7f5914000000-7f5914021000 rw-p 00000000 00:00 0 
7f5914021000-7f5918000000 ---p 00000000 00:00 0 
7f591804d000-7f591814e000 rw-p 00000000 00:00 0 
7f591814e000-7f591815a000 r--p 00000000 08:20 6824                       /usr/lib/x86_64-linux-gnu/libmpfr.so.6.1.0
7f591815a000-7f59181eb000 r-xp 0000c000 08:20 6824                       /usr/lib/x86_64-linux-gnu/libmpfr.so.6.1.0
7f59181eb000-7f59183f1000 r--p 0009d000 08:20 6824                       /usr/lib/x86_64-linux-gnu/libmpfr.so.6.1.0
7f59183f1000-7f59183f3000 r--p 002a2000 08:20 6824                       /usr/lib/x86_64-linux-gnu/libmpfr.so.6.1.0
7f59183f3000-7f59183fd000 rw-p 002a4000 08:20 6824                       /usr/lib/x86_64-linux-gnu/libmpfr.so.6.1.0
7f59183fd000-7f5918600000 rw-p 00000000 00:00 0 
7f5918600000-7f5919c0f000 r-xp 00000000 00:1c 1407374883781043           /usr/lib/wsl/drivers/iigd_dch.inf_amd64_1eeee852f82565bd/libigc.so
7f5919c0f000-7f5919e0f000 ---p 0160f000 00:1c 1407374883781043           /usr/lib/wsl/drivers/iigd_dch.inf_amd64_1eeee852f82565bd/libigc.so
7f5919e0f000-7f5919fbb000 r--p 0160f000 00:1c 1407374883781043           /usr/lib/wsl/drivers/iigd_dch.inf_amd64_1eeee852f82565bd/libigc.so
7f5919fbb000-7f591af84000 rw-p 017bb000 00:1c 1407374883781043           /usr/lib/wsl/drivers/iigd_dch.inf_amd64_1eeee852f82565bd/libigc.so
7f591af84000-7f591afdc000 rw-p 00000000 00:00 0 
7f591b000000-7f591b003000 ---p 00000000 00:00 0 
7f591b003000-7f598c000000 rw-p 00000000 00:00 0 
7f598c000000-7f598dcdc000 rw-p 00000000 00:00 0 
7f598dcdc000-7f5990000000 ---p 00000000 00:00 0 
7f5990000000-7f5990829000 rw-p 00000000 00:00 0 
7f5990829000-7f5994000000 ---p 00000000 00:00 0 
7f5994000000-7f5995a55000 rw-p 00000000 00:00 0 
7f5995a55000-7f5998000000 ---p 00000000 00:00 0 
7f5998000000-7f599959e000 rw-p 00000000 00:00 0 
7f599959e000-7f599c000000 ---p 00000000 00:00 0 
7f599c000000-7f599c021000 rw-p 00000000 00:00 0 
7f599c021000-7f59a0000000 ---p 00000000 00:00 0 
7f59a0023000-7f59a0073000 rw-p 00000000 00:00 0 
7f59a0073000-7f59a012c000 r--p 00000000 08:20 6309                       /usr/share/fonts/truetype/dejavu/DejaVuSans.ttf
7f59a012c000-7f59a01d7000 r--p 00000000 08:20 109484                     /usr/local/bin/java/jdk1.8.0_66/jre/lib/fonts/LucidaSansRegular.ttf
7f59a01d7000-7f59a03e0000 rw-p 00000000 00:00 0 
7f59a03e0000-7f59a03e1000 ---p 00000000 00:00 0 
7f59a03e1000-7f59a0be1000 rw-p 00000000 00:00 0 
7f59a0be1000-7f59a0be2000 ---p 00000000 00:00 0 
7f59a0be2000-7f59a13e2000 rw-p 00000000 00:00 0 
7f59a13e2000-7f59a13e3000 r--p 00000000 08:20 6752                       /usr/lib/x86_64-linux-gnu/libicudata.so.70.1
7f59a13e3000-7f59a13e4000 r-xp 00001000 08:20 6752                       /usr/lib/x86_64-linux-gnu/libicudata.so.70.1
7f59a13e4000-7f59a2ffe000 r--p 00002000 08:20 6752                       /usr/lib/x86_64-linux-gnu/libicudata.so.70.1
7f59a2ffe000-7f59a2fff000 r--p 01c1b000 08:20 6752                       /usr/lib/x86_64-linux-gnu/libicudata.so.70.1
7f59a2fff000-7f59a3000000 rw-p 01c1c000 08:20 6752                       /usr/lib/x86_64-linux-gnu/libicudata.so.70.1
7f59a3000000-7f59a3003000 ---p 00000000 00:00 0 
7f59a3003000-7f5a14000000 rw-p 00000000 00:00 0 
7f5a14000000-7f5a14021000 rw-p 00000000 00:00 0 
7f5a14021000-7f5a18000000 ---p 00000000 00:00 0 
7f5a1802b000-7f5a18031000 r--p 00000000 08:20 101672                     /usr/lib/x86_64-linux-gnu/libtbbmalloc.so.2.5
7f5a18031000-7f5a18042000 r-xp 00006000 08:20 101672                     /usr/lib/x86_64-linux-gnu/libtbbmalloc.so.2.5
7f5a18042000-7f5a18047000 r--p 00017000 08:20 101672                     /usr/lib/x86_64-linux-gnu/libtbbmalloc.so.2.5
7f5a18047000-7f5a18048000 r--p 0001b000 08:20 101672                     /usr/lib/x86_64-linux-gnu/libtbbmalloc.so.2.5
7f5a18048000-7f5a1804a000 rw-p 0001c000 08:20 101672                     /usr/lib/x86_64-linux-gnu/libtbbmalloc.so.2.5
7f5a1804a000-7f5a1806b000 rw-p 00000000 00:00 0 
7f5a1806b000-7f5a18087000 r--s 00393000 08:20 109608                     /usr/local/bin/java/jdk1.8.0_66/jre/lib/ext/cldrdata.jar
7f5a18087000-7f5a18099000 r--s 00042000 08:20 111532                     /home/lua1235/.gradle/caches/modules-2/files-2.1/org.checkerframework/checker-qual/2.0.0/518929596ee3249127502a8573b2e008e2d51ed3/checker-qual-2.0.0.jar
7f5a18099000-7f5a180a9000 r--p 00000000 08:20 17143                      /usr/lib/x86_64-linux-gnu/libsqlite3.so.0.8.6
7f5a180a9000-7f5a181be000 r-xp 00010000 08:20 17143                      /usr/lib/x86_64-linux-gnu/libsqlite3.so.0.8.6
7f5a181be000-7f5a181f6000 r--p 00125000 08:20 17143                      /usr/lib/x86_64-linux-gnu/libsqlite3.so.0.8.6
7f5a181f6000-7f5a181fa000 r--p 0015c000 08:20 17143                      /usr/lib/x86_64-linux-gnu/libsqlite3.so.0.8.6
7f5a181fa000-7f5a181fe000 rw-p 00160000 08:20 17143                      /usr/lib/x86_64-linux-gnu/libsqlite3.so.0.8.6
7f5a181fe000-7f5a181ff000 rw-p 00000000 00:00 0 
7f5a181ff000-7f5a18200000 ---p 00000000 00:00 0 
7f5a18200000-7f5a18a00000 rw-p 00000000 00:00 0 
7f5a18a00000-7f5a18c31000 r-xp 00000000 00:1c 1407374883781051           /usr/lib/wsl/drivers/iigd_dch.inf_amd64_1eeee852f82565bd/libigdgmm.so.12
7f5a18c31000-7f5a18e30000 ---p 00231000 00:1c 1407374883781051           /usr/lib/wsl/drivers/iigd_dch.inf_amd64_1eeee852f82565bd/libigdgmm.so.12
7f5a18e30000-7f5a18e33000 r--p 00230000 00:1c 1407374883781051           /usr/lib/wsl/drivers/iigd_dch.inf_amd64_1eeee852f82565bd/libigdgmm.so.12
7f5a18e33000-7f5a18e34000 rw-p 00233000 00:1c 1407374883781051           /usr/lib/wsl/drivers/iigd_dch.inf_amd64_1eeee852f82565bd/libigdgmm.so.12
7f5a18e3c000-7f5a18e4e000 r--s 00345000 08:20 109590                     /usr/local/bin/java/jdk1.8.0_66/jre/lib/resources.jar
7f5a18e4e000-7f5a18e88000 r--p 00000000 08:20 109490                     /usr/local/bin/java/jdk1.8.0_66/jre/lib/fonts/LucidaTypewriterBold.ttf
7f5a18e88000-7f5a18e9b000 r--p 00000000 08:20 109488                     /usr/local/bin/java/jdk1.8.0_66/jre/lib/fonts/LucidaBrightDemiItalic.ttf
7f5a18e9b000-7f5a18ee9000 r--p 00000000 08:20 109486                     /usr/local/bin/java/jdk1.8.0_66/jre/lib/fonts/LucidaSansDemiBold.ttf
7f5a18ee9000-7f5a18f25000 r--p 00000000 08:20 109489                     /usr/local/bin/java/jdk1.8.0_66/jre/lib/fonts/LucidaTypewriterRegular.ttf
7f5a18f25000-7f5a18fbb000 r--p 00000000 08:20 64204                      /usr/lib/x86_64-linux-gnu/dri/swrast_dri.so
7f5a18fbb000-7f5a1a2bb000 r-xp 00096000 08:20 64204                      /usr/lib/x86_64-linux-gnu/dri/swrast_dri.so
7f5a1a2bb000-7f5a1ada7000 r--p 01396000 08:20 64204                      /usr/lib/x86_64-linux-gnu/dri/swrast_dri.so
7f5a1ada7000-7f5a1ae2e000 r--p 01e81000 08:20 64204                      /usr/lib/x86_64-linux-gnu/dri/swrast_dri.so
7f5a1ae2e000-7f5a1ae40000 rw-p 01f08000 08:20 64204                      /usr/lib/x86_64-linux-gnu/dri/swrast_dri.so
7f5a1ae40000-7f5a1b000000 rw-p 00000000 00:00 0 
7f5a1b000000-7f5a1b003000 ---p 00000000 00:00 0 
7f5a1b003000-7f5a8c000000 rw-p 00000000 00:00 0 
7f5a8c000000-7f5a8c021000 rw-p 00000000 00:00 0 
7f5a8c021000-7f5a90000000 ---p 00000000 00:00 0 
7f5a90001000-7f5a9000b000 r--s 00116000 08:20 109615                     /usr/local/bin/java/jdk1.8.0_66/jre/lib/ext/localedata.jar
7f5a9000b000-7f5a90060000 r--p 00000000 08:20 109485                     /usr/local/bin/java/jdk1.8.0_66/jre/lib/fonts/LucidaBrightRegular.ttf
7f5a90060000-7f5a9006b000 r--p 00000000 08:20 101732                     /usr/lib/x86_64-linux-gnu/libtbb.so.12.5
7f5a9006b000-7f5a9008b000 r-xp 0000b000 08:20 101732                     /usr/lib/x86_64-linux-gnu/libtbb.so.12.5
7f5a9008b000-7f5a90095000 r--p 0002b000 08:20 101732                     /usr/lib/x86_64-linux-gnu/libtbb.so.12.5
7f5a90095000-7f5a90097000 r--p 00034000 08:20 101732                     /usr/lib/x86_64-linux-gnu/libtbb.so.12.5
7f5a90097000-7f5a9009a000 rw-p 00036000 08:20 101732                     /usr/lib/x86_64-linux-gnu/libtbb.so.12.5
7f5a9009a000-7f5a900b0000 rw-p 00000000 00:00 0 
7f5a900b0000-7f5a900ce000 r--p 00000000 08:20 37553                      /home/lua1235/SummerResearch/BilliardsEverything 2024-05-17-Max-Kaiden-Austin-Triples2polyThreads/build/libs/backend/shared/libbackend.so
7f5a900ce000-7f5a901c7000 r-xp 0001e000 08:20 37553                      /home/lua1235/SummerResearch/BilliardsEverything 2024-05-17-Max-Kaiden-Austin-Triples2polyThreads/build/libs/backend/shared/libbackend.so
7f5a901c7000-7f5a901f9000 r--p 00117000 08:20 37553                      /home/lua1235/SummerResearch/BilliardsEverything 2024-05-17-Max-Kaiden-Austin-Triples2polyThreads/build/libs/backend/shared/libbackend.so
7f5a901f9000-7f5a901fb000 r--p 00148000 08:20 37553                      /home/lua1235/SummerResearch/BilliardsEverything 2024-05-17-Max-Kaiden-Austin-Triples2polyThreads/build/libs/backend/shared/libbackend.so
7f5a901fb000-7f5a901fc000 rw-p 0014a000 08:20 37553                      /home/lua1235/SummerResearch/BilliardsEverything 2024-05-17-Max-Kaiden-Austin-Triples2polyThreads/build/libs/backend/shared/libbackend.so
7f5a901fc000-7f5a90200000 rw-p 00000000 00:00 0 
7f5a90200000-7f5a905f5000 r-xp 00000000 00:1c 1407374883781046           /usr/lib/wsl/drivers/iigd_dch.inf_amd64_1eeee852f82565bd/libigd12um64xel.so
7f5a905f5000-7f5a907f4000 ---p 003f5000 00:1c 1407374883781046           /usr/lib/wsl/drivers/iigd_dch.inf_amd64_1eeee852f82565bd/libigd12um64xel.so
7f5a907f4000-7f5a90803000 r--p 003f4000 00:1c 1407374883781046           /usr/lib/wsl/drivers/iigd_dch.inf_amd64_1eeee852f82565bd/libigd12um64xel.so
7f5a90803000-7f5a908e1000 rw-p 00403000 00:1c 1407374883781046           /usr/lib/wsl/drivers/iigd_dch.inf_amd64_1eeee852f82565bd/libigd12um64xel.so
7f5a908e1000-7f5a90903000 rw-p 00000000 00:00 0 
7f5a90904000-7f5a90906000 r--s 00005000 08:20 111542                     /home/lua1235/.gradle/caches/modules-2/files-2.1/io.javaslang/javaslang-match/2.0.5/689c6da2fbb87e1326fa75b9a469315566e95e2b/javaslang-match-2.0.5.jar
7f5a90906000-7f5a90909000 r--s 00013000 08:20 111540                     /home/lua1235/.gradle/caches/modules-2/files-2.1/commons-io/commons-io/1.3.2/b6dde38349ba9bb5e6ea6320531eae969985dae5/commons-io-1.3.2.jar
7f5a90909000-7f5a9090a000 r--s 00000000 08:20 111538                     /home/lua1235/.gradle/caches/modules-2/files-2.1/org.codehaus.mojo/animal-sniffer-annotations/1.14/775b7e22fb10026eed3f86e8dc556dfafe35f2d5/animal-sniffer-annotations-1.14.jar
7f5a9090a000-7f5a90912000 rw-s 00000000 08:20 120821                     /home/lua1235/billiard-databases/MultiThread.sqlite-shm
7f5a90912000-7f5a90926000 r--p 00000000 08:20 109483                     /usr/local/bin/java/jdk1.8.0_66/jre/lib/fonts/LucidaBrightItalic.ttf
7f5a90926000-7f5a90939000 r--p 00000000 08:20 109491                     /usr/local/bin/java/jdk1.8.0_66/jre/lib/fonts/LucidaBrightDemiBold.ttf
7f5a90939000-7f5a90945000 r--s 00000000 08:20 81621                      /var/cache/fontconfig/15a7f38e-cbd1-403b-9d68-50e251611003-le64.cache-7
7f5a90945000-7f5a9094f000 r--p 00000000 08:20 6725                       /usr/lib/x86_64-linux-gnu/libgmp.so.10.4.1
7f5a9094f000-7f5a909ae000 r-xp 0000a000 08:20 6725                       /usr/lib/x86_64-linux-gnu/libgmp.so.10.4.1
7f5a909ae000-7f5a909c5000 r--p 00069000 08:20 6725                       /usr/lib/x86_64-linux-gnu/libgmp.so.10.4.1
7f5a909c5000-7f5a909c6000 r--p 0007f000 08:20 6725                       /usr/lib/x86_64-linux-gnu/libgmp.so.10.4.1
7f5a909c6000-7f5a909c7000 rw-p 00080000 08:20 6725                       /usr/lib/x86_64-linux-gnu/libgmp.so.10.4.1
7f5a909cf000-7f5a909f2000 r--s 00000000 08:20 21156                      /usr/share/mime/mime.cache
7f5a909f2000-7f5a909ff000 r--p 00000000 08:20 28420                      /usr/share/icons/Adwaita/icon-theme.cache
7f5a909ff000-7f5a90a00000 r--p 00000000 08:20 78744                      /usr/share/icons/hicolor/icon-theme.cache
7f5a90a00000-7f5a90a0a000 r-xp 00000000 00:1c 1407374883781049           /usr/lib/wsl/drivers/iigd_dch.inf_amd64_1eeee852f82565bd/libigd12umd64.so
7f5a90a0a000-7f5a90c09000 ---p 0000a000 00:1c 1407374883781049           /usr/lib/wsl/drivers/iigd_dch.inf_amd64_1eeee852f82565bd/libigd12umd64.so
7f5a90c09000-7f5a90c0a000 r--p 00009000 00:1c 1407374883781049           /usr/lib/wsl/drivers/iigd_dch.inf_amd64_1eeee852f82565bd/libigd12umd64.so
7f5a90c0a000-7f5a90c0b000 rw-p 0000a000 00:1c 1407374883781049           /usr/lib/wsl/drivers/iigd_dch.inf_amd64_1eeee852f82565bd/libigd12umd64.so
7f5a90c0b000-7f5a90c0d000 r--s 00001000 08:20 111536                     /home/lua1235/.gradle/caches/modules-2/files-2.1/com.google.j2objc/j2objc-annotations/1.1/ed28ded51a8b1c6b112568def5f4b455e6809019/j2objc-annotations-1.1.jar
7f5a90c0d000-7f5a90c0f000 r--s 00002000 08:20 111534                     /home/lua1235/.gradle/caches/modules-2/files-2.1/com.google.errorprone/error_prone_annotations/2.1.3/39b109f2cd352b2d71b52a3b5a1a9850e1dc304b/error_prone_annotations-2.1.3.jar
7f5a90c0f000-7f5a90c11000 r--s 00003000 08:20 111530                     /home/lua1235/.gradle/caches/modules-2/files-2.1/com.google.code.findbugs/jsr305/3.0.2/25ea2e8b0c338a877313bd4672d3fe056ea78f0d/jsr305-3.0.2.jar
7f5a90c11000-7f5a90c16000 r--p 00000000 08:20 98309                      /usr/lib/x86_64-linux-gnu/libmpfi.so.0.0.0
7f5a90c16000-7f5a90c25000 r-xp 00005000 08:20 98309                      /usr/lib/x86_64-linux-gnu/libmpfi.so.0.0.0
7f5a90c25000-7f5a90c29000 r--p 00014000 08:20 98309                      /usr/lib/x86_64-linux-gnu/libmpfi.so.0.0.0
7f5a90c29000-7f5a90c2a000 r--p 00017000 08:20 98309                      /usr/lib/x86_64-linux-gnu/libmpfi.so.0.0.0
7f5a90c2a000-7f5a90c2b000 rw-p 00018000 08:20 98309                      /usr/lib/x86_64-linux-gnu/libmpfi.so.0.0.0
7f5a90c2b000-7f5a90c30000 r--s 00083000 08:20 109471                     /usr/local/bin/java/jdk1.8.0_66/jre/lib/jfr.jar
7f5a90c30000-7f5a90c36000 r--s 00000000 08:20 47591                      /var/cache/fontconfig/b2a3e990-d372-4a6c-9d3d-662de38455bf-le64.cache-7
7f5a90c36000-7f5a90c3a000 r--s 0015c000 08:20 111527                     /home/lua1235/.gradle/caches/modules-2/files-2.1/net.java.dev.jna/jna/4.5.1/65bd0cacc9c79a21c6ed8e9f588577cd3c2f85b9/jna-4.5.1.jar
7f5a90c3a000-7f5a90c3e000 r--s 00668000 08:20 111525                     /home/lua1235/.gradle/caches/modules-2/files-2.1/org.xerial/sqlite-jdbc/3.23.1/573ef2e63230eb1bf380ac3596082d3f92473394/sqlite-jdbc-3.23.1.jar
7f5a90c3e000-7f5a90c45000 r--s 0008f000 08:20 111523                     /home/lua1235/.gradle/caches/modules-2/files-2.1/io.javaslang/javaslang/2.0.5/86a8f8c75254d948dd128388b1097183e8c6564b/javaslang-2.0.5.jar
7f5a90c45000-7f5a90c4d000 r--s 00072000 08:20 111521                     /home/lua1235/.gradle/caches/modules-2/files-2.1/org.apache.commons/commons-lang3/3.7/557edd918fd41f9260963583ebf5a61a43a6b423/commons-lang3-3.7.jar
7f5a90c4d000-7f5a90c74000 r--s 001f6000 08:20 111519                     /home/lua1235/.gradle/caches/modules-2/files-2.1/org.apache.commons/commons-math3/3.6.1/e4ba98f1d4b3c80ec46392f25e094a6a2e58fcbf/commons-math3-3.6.1.jar
7f5a90c74000-7f5a90ca6000 r--s 0026a000 08:20 111517                     /home/lua1235/.gradle/caches/modules-2/files-2.1/com.google.guava/guava/25.1-jre/6c57e4b22b44e89e548b5c9f70f0c45fe10fb0b4/guava-25.1-jre.jar
7f5a90ca6000-7f5a90ca9000 r--s 0001a000 08:20 109774                     /usr/local/bin/java/jdk1.8.0_66/jre/lib/jce.jar
7f5a90ca9000-7f5a90cae000 r--s 00096000 08:20 109604                     /usr/local/bin/java/jdk1.8.0_66/jre/lib/jsse.jar
7f5a90cae000-7f5a90cd3000 r--s 00108000 08:20 111515                     /home/lua1235/.gradle/caches/modules-2/files-2.1/org.eclipse.collections/eclipse-collections-api/9.2.0/d106fd8588e542d2ee9d31d3e057af8bcb813396/eclipse-collections-api-9.2.0.jar
7f5a90cd3000-7f5a90d52000 r--s 00910000 08:20 111512                     /home/lua1235/.gradle/caches/modules-2/files-2.1/org.eclipse.collections/eclipse-collections/9.2.0/f2f2406e2229497935b6e7dd6c41da7fd67f36a8/eclipse-collections-9.2.0.jar
7f5a90d52000-7f5a90d55000 rw-s 9ffe29000 00:01 6355                      /dev/zero (deleted)
7f5a90d55000-7f5a91038000 r--p 00000000 00:1e 3377699720580012           /usr/lib/wsl/lib/libd3d12core.so
7f5a91038000-7f5a91393000 r-xp 002e2000 00:1e 3377699720580012           /usr/lib/wsl/lib/libd3d12core.so
7f5a91393000-7f5a913e5000 r--p 0063c000 00:1e 3377699720580012           /usr/lib/wsl/lib/libd3d12core.so
7f5a913e5000-7f5a913e8000 rw-p 0068d000 00:1e 3377699720580012           /usr/lib/wsl/lib/libd3d12core.so
7f5a913e8000-7f5a91402000 rw-p 00000000 00:00 0 
7f5a91402000-7f5a91445000 r--p 00000000 00:1e 11821949021899766          /usr/lib/wsl/lib/libdxcore.so
7f5a91445000-7f5a914c6000 r-xp 00042000 00:1e 11821949021899766          /usr/lib/wsl/lib/libdxcore.so
7f5a914c6000-7f5a914ce000 r--p 000c2000 00:1e 11821949021899766          /usr/lib/wsl/lib/libdxcore.so
7f5a914ce000-7f5a914d0000 rw-p 000c9000 00:1e 11821949021899766          /usr/lib/wsl/lib/libdxcore.so
7f5a914d0000-7f5a914d3000 rw-p 00000000 00:00 0 
7f5a914d3000-7f5a91518000 r--p 00000000 00:1e 3096224743869355           /usr/lib/wsl/lib/libd3d12.so
7f5a91518000-7f5a91591000 r-xp 00044000 00:1e 3096224743869355           /usr/lib/wsl/lib/libd3d12.so
7f5a91591000-7f5a91598000 r--p 000bc000 00:1e 3096224743869355           /usr/lib/wsl/lib/libd3d12.so
7f5a91598000-7f5a9159a000 rw-p 000c2000 00:1e 3096224743869355           /usr/lib/wsl/lib/libd3d12.so
7f5a9159a000-7f5a9159e000 rw-p 00000000 00:00 0 
7f5a9159e000-7f5a915a1000 r--p 00000000 08:20 6800                       /usr/lib/x86_64-linux-gnu/liblzma.so.5.2.5
7f5a915a1000-7f5a915bc000 r-xp 00003000 08:20 6800                       /usr/lib/x86_64-linux-gnu/liblzma.so.5.2.5
7f5a915bc000-7f5a915c7000 r--p 0001e000 08:20 6800                       /usr/lib/x86_64-linux-gnu/liblzma.so.5.2.5
7f5a915c7000-7f5a915c8000 r--p 00028000 08:20 6800                       /usr/lib/x86_64-linux-gnu/liblzma.so.5.2.5
7f5a915c8000-7f5a915c9000 rw-p 00029000 08:20 6800                       /usr/lib/x86_64-linux-gnu/liblzma.so.5.2.5
7f5a915c9000-7f5a9162f000 r--p 00000000 08:20 6762                       /usr/lib/x86_64-linux-gnu/libicuuc.so.70.1
7f5a9162f000-7f5a91722000 r-xp 00066000 08:20 6762                       /usr/lib/x86_64-linux-gnu/libicuuc.so.70.1
7f5a91722000-7f5a917ae000 r--p 00159000 08:20 6762                       /usr/lib/x86_64-linux-gnu/libicuuc.so.70.1
7f5a917ae000-7f5a917c1000 r--p 001e4000 08:20 6762                       /usr/lib/x86_64-linux-gnu/libicuuc.so.70.1
7f5a917c1000-7f5a917c2000 rw-p 001f7000 08:20 6762                       /usr/lib/x86_64-linux-gnu/libicuuc.so.70.1
7f5a917c2000-7f5a917c4000 rw-p 00000000 00:00 0 
7f5a917c4000-7f5a917c6000 r--p 00000000 08:20 63744                      /usr/lib/x86_64-linux-gnu/libpciaccess.so.0.11.1
7f5a917c6000-7f5a917cb000 r-xp 00002000 08:20 63744                      /usr/lib/x86_64-linux-gnu/libpciaccess.so.0.11.1
7f5a917cb000-7f5a917cd000 r--p 00007000 08:20 63744                      /usr/lib/x86_64-linux-gnu/libpciaccess.so.0.11.1
7f5a917cd000-7f5a917ce000 r--p 00008000 08:20 63744                      /usr/lib/x86_64-linux-gnu/libpciaccess.so.0.11.1
7f5a917ce000-7f5a917cf000 rw-p 00009000 08:20 63744                      /usr/lib/x86_64-linux-gnu/libpciaccess.so.0.11.1
7f5a917cf000-7f5a917fe000 r--p 00000000 08:20 13920                      /usr/lib/x86_64-linux-gnu/libxml2.so.2.9.13
7f5a917fe000-7f5a91951000 r-xp 0002f000 08:20 13920                      /usr/lib/x86_64-linux-gnu/libxml2.so.2.9.13
7f5a91951000-7f5a919a5000 r--p 00182000 08:20 13920                      /usr/lib/x86_64-linux-gnu/libxml2.so.2.9.13
7f5a919a5000-7f5a919a6000 ---p 001d6000 08:20 13920                      /usr/lib/x86_64-linux-gnu/libxml2.so.2.9.13
7f5a919a6000-7f5a919af000 r--p 001d6000 08:20 13920                      /usr/lib/x86_64-linux-gnu/libxml2.so.2.9.13
7f5a919af000-7f5a919b0000 rw-p 001df000 08:20 13920                      /usr/lib/x86_64-linux-gnu/libxml2.so.2.9.13
7f5a919b0000-7f5a919b1000 rw-p 00000000 00:00 0 
7f5a919b1000-7f5a919bf000 r--p 00000000 08:20 6958                       /usr/lib/x86_64-linux-gnu/libtinfo.so.6.3
7f5a919bf000-7f5a919d0000 r-xp 0000e000 08:20 6958                       /usr/lib/x86_64-linux-gnu/libtinfo.so.6.3
7f5a919d0000-7f5a919de000 r--p 0001f000 08:20 6958                       /usr/lib/x86_64-linux-gnu/libtinfo.so.6.3
7f5a919de000-7f5a919e2000 r--p 0002c000 08:20 6958                       /usr/lib/x86_64-linux-gnu/libtinfo.so.6.3
7f5a919e2000-7f5a919e3000 rw-p 00030000 08:20 6958                       /usr/lib/x86_64-linux-gnu/libtinfo.so.6.3
7f5a919e3000-7f5a919eb000 r--p 00000000 08:20 6682                       /usr/lib/x86_64-linux-gnu/libedit.so.2.0.68
7f5a919eb000-7f5a91a09000 r-xp 00008000 08:20 6682                       /usr/lib/x86_64-linux-gnu/libedit.so.2.0.68
7f5a91a09000-7f5a91a16000 r--p 00026000 08:20 6682                       /usr/lib/x86_64-linux-gnu/libedit.so.2.0.68
7f5a91a16000-7f5a91a18000 r--p 00032000 08:20 6682                       /usr/lib/x86_64-linux-gnu/libedit.so.2.0.68
7f5a91a18000-7f5a91a19000 rw-p 00034000 08:20 6682                       /usr/lib/x86_64-linux-gnu/libedit.so.2.0.68
7f5a91a19000-7f5a91a1d000 rw-p 00000000 00:00 0 
7f5a91a1d000-7f5a91a20000 r--p 00000000 08:20 63757                      /usr/lib/x86_64-linux-gnu/libdrm_intel.so.1.0.0
7f5a91a20000-7f5a91a37000 r-xp 00003000 08:20 63757                      /usr/lib/x86_64-linux-gnu/libdrm_intel.so.1.0.0
7f5a91a37000-7f5a91a41000 r--p 0001a000 08:20 63757                      /usr/lib/x86_64-linux-gnu/libdrm_intel.so.1.0.0
7f5a91a41000-7f5a91a42000 r--p 00023000 08:20 63757                      /usr/lib/x86_64-linux-gnu/libdrm_intel.so.1.0.0
7f5a91a42000-7f5a91a43000 rw-p 00024000 08:20 63757                      /usr/lib/x86_64-linux-gnu/libdrm_intel.so.1.0.0
7f5a91a43000-7f5a91a45000 r--p 00000000 08:20 63770                      /usr/lib/x86_64-linux-gnu/libdrm_nouveau.so.2.0.0
7f5a91a45000-7f5a91a4a000 r-xp 00002000 08:20 63770                      /usr/lib/x86_64-linux-gnu/libdrm_nouveau.so.2.0.0
7f5a91a4a000-7f5a91a4c000 r--p 00007000 08:20 63770                      /usr/lib/x86_64-linux-gnu/libdrm_nouveau.so.2.0.0
7f5a91a4c000-7f5a91a4d000 r--p 00008000 08:20 63770                      /usr/lib/x86_64-linux-gnu/libdrm_nouveau.so.2.0.0
7f5a91a4d000-7f5a91a4e000 rw-p 00009000 08:20 63770                      /usr/lib/x86_64-linux-gnu/libdrm_nouveau.so.2.0.0
7f5a91a4e000-7f5a91a51000 r--p 00000000 08:20 63731                      /usr/lib/x86_64-linux-gnu/libdrm_amdgpu.so.1.0.0
7f5a91a51000-7f5a91a56000 r-xp 00003000 08:20 63731                      /usr/lib/x86_64-linux-gnu/libdrm_amdgpu.so.1.0.0
7f5a91a56000-7f5a91a58000 r--p 00008000 08:20 63731                      /usr/lib/x86_64-linux-gnu/libdrm_amdgpu.so.1.0.0
7f5a91a58000-7f5a91a59000 r--p 00009000 08:20 63731                      /usr/lib/x86_64-linux-gnu/libdrm_amdgpu.so.1.0.0
7f5a91a59000-7f5a91a5a000 rw-p 0000a000 08:20 63731                      /usr/lib/x86_64-linux-gnu/libdrm_amdgpu.so.1.0.0
7f5a91a5a000-7f5a91a5d000 r--p 00000000 08:20 6683                       /usr/lib/x86_64-linux-gnu/libelf-0.186.so
7f5a91a5d000-7f5a91a71000 r-xp 00003000 08:20 6683                       /usr/lib/x86_64-linux-gnu/libelf-0.186.so
7f5a91a71000-7f5a91a75000 r--p 00017000 08:20 6683                       /usr/lib/x86_64-linux-gnu/libelf-0.186.so
7f5a91a75000-7f5a91a76000 ---p 0001b000 08:20 6683                       /usr/lib/x86_64-linux-gnu/libelf-0.186.so
7f5a91a76000-7f5a91a77000 r--p 0001b000 08:20 6683                       /usr/lib/x86_64-linux-gnu/libelf-0.186.so
7f5a91a77000-7f5a91a78000 rw-p 0001c000 08:20 6683                       /usr/lib/x86_64-linux-gnu/libelf-0.186.so
7f5a91a78000-7f5a91a7a000 r--p 00000000 08:20 63784                      /usr/lib/x86_64-linux-gnu/libdrm_radeon.so.1.0.1
7f5a91a7a000-7f5a91a81000 r-xp 00002000 08:20 63784                      /usr/lib/x86_64-linux-gnu/libdrm_radeon.so.1.0.1
7f5a91a81000-7f5a91a85000 r--p 00009000 08:20 63784                      /usr/lib/x86_64-linux-gnu/libdrm_radeon.so.1.0.1
7f5a91a85000-7f5a91a86000 r--p 0000c000 08:20 63784                      /usr/lib/x86_64-linux-gnu/libdrm_radeon.so.1.0.1
7f5a91a86000-7f5a91a87000 rw-p 0000d000 08:20 63784                      /usr/lib/x86_64-linux-gnu/libdrm_radeon.so.1.0.1
7f5a91a87000-7f5a91a89000 r--p 00000000 08:20 32644                      /usr/lib/x86_64-linux-gnu/libsensors.so.5.0.0
7f5a91a89000-7f5a91a90000 r-xp 00002000 08:20 32644                      /usr/lib/x86_64-linux-gnu/libsensors.so.5.0.0
7f5a91a90000-7f5a91a94000 r--p 00009000 08:20 32644                      /usr/lib/x86_64-linux-gnu/libsensors.so.5.0.0
7f5a91a94000-7f5a91a95000 ---p 0000d000 08:20 32644                      /usr/lib/x86_64-linux-gnu/libsensors.so.5.0.0
7f5a91a95000-7f5a91a96000 r--p 0000d000 08:20 32644                      /usr/lib/x86_64-linux-gnu/libsensors.so.5.0.0
7f5a91a96000-7f5a91a97000 rw-p 0000e000 08:20 32644                      /usr/lib/x86_64-linux-gnu/libsensors.so.5.0.0
7f5a91a97000-7f5a91aa1000 r--p 00000000 08:20 6999                       /usr/lib/x86_64-linux-gnu/libzstd.so.1.4.8
7f5a91aa1000-7f5a91b53000 r-xp 0000a000 08:20 6999                       /usr/lib/x86_64-linux-gnu/libzstd.so.1.4.8
7f5a91b53000-7f5a91b64000 r--p 000bc000 08:20 6999                       /usr/lib/x86_64-linux-gnu/libzstd.so.1.4.8
7f5a91b64000-7f5a91b65000 r--p 000cc000 08:20 6999                       /usr/lib/x86_64-linux-gnu/libzstd.so.1.4.8
7f5a91b65000-7f5a91b66000 rw-p 000cd000 08:20 6999                       /usr/lib/x86_64-linux-gnu/libzstd.so.1.4.8
7f5a91b66000-7f5a91b69000 r--p 00000000 08:20 61763                      /usr/lib/x86_64-linux-gnu/libxcb-xfixes.so.0.0.0
7f5a91b69000-7f5a91b6c000 r-xp 00003000 08:20 61763                      /usr/lib/x86_64-linux-gnu/libxcb-xfixes.so.0.0.0
7f5a91b6c000-7f5a91b6d000 r--p 00006000 08:20 61763                      /usr/lib/x86_64-linux-gnu/libxcb-xfixes.so.0.0.0
7f5a91b6d000-7f5a91b6e000 ---p 00007000 08:20 61763                      /usr/lib/x86_64-linux-gnu/libxcb-xfixes.so.0.0.0
7f5a91b6e000-7f5a91b6f000 r--p 00007000 08:20 61763                      /usr/lib/x86_64-linux-gnu/libxcb-xfixes.so.0.0.0
7f5a91b6f000-7f5a91b70000 rw-p 00008000 08:20 61763                      /usr/lib/x86_64-linux-gnu/libxcb-xfixes.so.0.0.0
7f5a91b70000-7f5a91b73000 r--p 00000000 08:20 59719                      /usr/lib/x86_64-linux-gnu/libxcb-sync.so.1.0.0
7f5a91b73000-7f5a91b76000 r-xp 00003000 08:20 59719                      /usr/lib/x86_64-linux-gnu/libxcb-sync.so.1.0.0
7f5a91b76000-7f5a91b77000 r--p 00006000 08:20 59719                      /usr/lib/x86_64-linux-gnu/libxcb-sync.so.1.0.0
7f5a91b77000-7f5a91b78000 ---p 00007000 08:20 59719                      /usr/lib/x86_64-linux-gnu/libxcb-sync.so.1.0.0
7f5a91b78000-7f5a91b79000 r--p 00007000 08:20 59719                      /usr/lib/x86_64-linux-gnu/libxcb-sync.so.1.0.0
7f5a91b79000-7f5a91b7a000 rw-p 00008000 08:20 59719                      /usr/lib/x86_64-linux-gnu/libxcb-sync.so.1.0.0
7f5a91b7a000-7f5a91b7b000 r--p 00000000 08:20 6982                       /usr/lib/x86_64-linux-gnu/libxcb-present.so.0.0.0
7f5a91b7b000-7f5a91b7c000 r-xp 00001000 08:20 6982                       /usr/lib/x86_64-linux-gnu/libxcb-present.so.0.0.0
7f5a91b7c000-7f5a91b7d000 r--p 00002000 08:20 6982                       /usr/lib/x86_64-linux-gnu/libxcb-present.so.0.0.0
7f5a91b7d000-7f5a91b7e000 r--p 00002000 08:20 6982                       /usr/lib/x86_64-linux-gnu/libxcb-present.so.0.0.0
7f5a91b7e000-7f5a91b7f000 rw-p 00003000 08:20 6982                       /usr/lib/x86_64-linux-gnu/libxcb-present.so.0.0.0
7f5a91b7f000-7f5a91b81000 r--p 00000000 08:20 64190                      /usr/lib/x86_64-linux-gnu/libxcb-dri3.so.0.0.0
7f5a91b81000-7f5a91b83000 r-xp 00002000 08:20 64190                      /usr/lib/x86_64-linux-gnu/libxcb-dri3.so.0.0.0
7f5a91b83000-7f5a91b84000 r--p 00004000 08:20 64190                      /usr/lib/x86_64-linux-gnu/libxcb-dri3.so.0.0.0
7f5a91b84000-7f5a91b85000 r--p 00004000 08:20 64190                      /usr/lib/x86_64-linux-gnu/libxcb-dri3.so.0.0.0
7f5a91b85000-7f5a91b86000 rw-p 00005000 08:20 64190                      /usr/lib/x86_64-linux-gnu/libxcb-dri3.so.0.0.0
7f5a91b86000-7f5a91b8d000 r--p 00000000 08:20 48277                      /usr/lib/x86_64-linux-gnu/libxcb-randr.so.0.1.0
7f5a91b8d000-7f5a91b93000 r-xp 00007000 08:20 48277                      /usr/lib/x86_64-linux-gnu/libxcb-randr.so.0.1.0
7f5a91b93000-7f5a91b96000 r--p 0000d000 08:20 48277                      /usr/lib/x86_64-linux-gnu/libxcb-randr.so.0.1.0
7f5a91b96000-7f5a91b97000 ---p 00010000 08:20 48277                      /usr/lib/x86_64-linux-gnu/libxcb-randr.so.0.1.0
7f5a91b97000-7f5a91b98000 r--p 00010000 08:20 48277                      /usr/lib/x86_64-linux-gnu/libxcb-randr.so.0.1.0
7f5a91b98000-7f5a91b99000 rw-p 00011000 08:20 48277                      /usr/lib/x86_64-linux-gnu/libxcb-randr.so.0.1.0
7f5a91b99000-7f5a91b9a000 r--p 00000000 08:20 62752                      /usr/lib/x86_64-linux-gnu/libxshmfence.so.1.0.0
7f5a91b9a000-7f5a91b9b000 r-xp 00001000 08:20 62752                      /usr/lib/x86_64-linux-gnu/libxshmfence.so.1.0.0
7f5a91b9b000-7f5a91b9c000 r--p 00002000 08:20 62752                      /usr/lib/x86_64-linux-gnu/libxshmfence.so.1.0.0
7f5a91b9c000-7f5a91b9d000 r--p 00002000 08:20 62752                      /usr/lib/x86_64-linux-gnu/libxshmfence.so.1.0.0
7f5a91b9d000-7f5a91b9e000 rw-p 00003000 08:20 62752                      /usr/lib/x86_64-linux-gnu/libxshmfence.so.1.0.0
7f5a91b9e000-7f5a91ba0000 r--p 00000000 08:20 64232                      /usr/lib/x86_64-linux-gnu/libxcb-dri2.so.0.0.0
7f5a91ba0000-7f5a91ba2000 r-xp 00002000 08:20 64232                      /usr/lib/x86_64-linux-gnu/libxcb-dri2.so.0.0.0
7f5a91ba2000-7f5a91ba3000 r--p 00004000 08:20 64232                      /usr/lib/x86_64-linux-gnu/libxcb-dri2.so.0.0.0
7f5a91ba3000-7f5a91ba4000 r--p 00004000 08:20 64232                      /usr/lib/x86_64-linux-gnu/libxcb-dri2.so.0.0.0
7f5a91ba4000-7f5a91ba5000 rw-p 00005000 08:20 64232                      /usr/lib/x86_64-linux-gnu/libxcb-dri2.so.0.0.0
7f5a91ba5000-7f5a91ba6000 r--p 00000000 08:20 64219                      /usr/lib/x86_64-linux-gnu/libX11-xcb.so.1.0.0
7f5a91ba6000-7f5a91ba7000 r-xp 00001000 08:20 64219                      /usr/lib/x86_64-linux-gnu/libX11-xcb.so.1.0.0
7f5a91ba7000-7f5a91ba8000 r--p 00002000 08:20 64219                      /usr/lib/x86_64-linux-gnu/libX11-xcb.so.1.0.0
7f5a91ba8000-7f5a91ba9000 r--p 00002000 08:20 64219                      /usr/lib/x86_64-linux-gnu/libX11-xcb.so.1.0.0
7f5a91ba9000-7f5a91baa000 rw-p 00003000 08:20 64219                      /usr/lib/x86_64-linux-gnu/libX11-xcb.so.1.0.0
7f5a91baa000-7f5a91bb5000 r--p 00000000 08:20 64245                      /usr/lib/x86_64-linux-gnu/libxcb-glx.so.0.0.0
7f5a91bb5000-7f5a91bbe000 r-xp 0000b000 08:20 64245                      /usr/lib/x86_64-linux-gnu/libxcb-glx.so.0.0.0
7f5a91bbe000-7f5a91bc3000 r--p 00014000 08:20 64245                      /usr/lib/x86_64-linux-gnu/libxcb-glx.so.0.0.0
7f5a91bc3000-7f5a91bc4000 ---p 00019000 08:20 64245                      /usr/lib/x86_64-linux-gnu/libxcb-glx.so.0.0.0
7f5a91bc4000-7f5a91bc6000 r--p 00019000 08:20 64245                      /usr/lib/x86_64-linux-gnu/libxcb-glx.so.0.0.0
7f5a91bc6000-7f5a91bc7000 rw-p 0001b000 08:20 64245                      /usr/lib/x86_64-linux-gnu/libxcb-glx.so.0.0.0
7f5a91bc7000-7f5a91bcc000 r--p 00000000 08:20 6676                       /usr/lib/x86_64-linux-gnu/libdrm.so.2.4.0
7f5a91bcc000-7f5a91bd7000 r-xp 00005000 08:20 6676                       /usr/lib/x86_64-linux-gnu/libdrm.so.2.4.0
7f5a91bd7000-7f5a91bdb000 r--p 00010000 08:20 6676                       /usr/lib/x86_64-linux-gnu/libdrm.so.2.4.0
7f5a91bdb000-7f5a91bdc000 r--p 00013000 08:20 6676                       /usr/lib/x86_64-linux-gnu/libdrm.so.2.4.0
7f5a91bdc000-7f5a91bdd000 rw-p 00014000 08:20 6676                       /usr/lib/x86_64-linux-gnu/libdrm.so.2.4.0
7f5a91bdd000-7f5a91bea000 r--p 00000000 08:20 64117                      /usr/lib/x86_64-linux-gnu/libglapi.so.0.0.0
7f5a91bea000-7f5a91bf8000 r-xp 0000d000 08:20 64117                      /usr/lib/x86_64-linux-gnu/libglapi.so.0.0.0
7f5a91bf8000-7f5a91c0c000 r--p 0001b000 08:20 64117                      /usr/lib/x86_64-linux-gnu/libglapi.so.0.0.0
7f5a91c0c000-7f5a91c0d000 ---p 0002f000 08:20 64117                      /usr/lib/x86_64-linux-gnu/libglapi.so.0.0.0
7f5a91c0d000-7f5a91c11000 r--p 0002f000 08:20 64117                      /usr/lib/x86_64-linux-gnu/libglapi.so.0.0.0
7f5a91c11000-7f5a91c12000 rw-p 00033000 08:20 64117                      /usr/lib/x86_64-linux-gnu/libglapi.so.0.0.0
7f5a91c12000-7f5a91c2b000 r--p 00000000 08:20 63315                      /usr/lib/x86_64-linux-gnu/libGLX_mesa.so.0.0.0
7f5a91c2b000-7f5a91c6a000 r-xp 00019000 08:20 63315                      /usr/lib/x86_64-linux-gnu/libGLX_mesa.so.0.0.0
7f5a91c6a000-7f5a91c80000 r--p 00058000 08:20 63315                      /usr/lib/x86_64-linux-gnu/libGLX_mesa.so.0.0.0
7f5a91c80000-7f5a91c83000 r--p 0006d000 08:20 63315                      /usr/lib/x86_64-linux-gnu/libGLX_mesa.so.0.0.0
7f5a91c83000-7f5a91c84000 rw-p 00070000 08:20 63315                      /usr/lib/x86_64-linux-gnu/libGLX_mesa.so.0.0.0
7f5a91c84000-7f5a91c85000 rw-p 00000000 00:00 0 
7f5a91c85000-7f5a91c87000 r--p 00000000 08:20 6809                       /usr/lib/x86_64-linux-gnu/libmd.so.0.0.5
7f5a91c87000-7f5a91c8e000 r-xp 00002000 08:20 6809                       /usr/lib/x86_64-linux-gnu/libmd.so.0.0.5
7f5a91c8e000-7f5a91c90000 r--p 00009000 08:20 6809                       /usr/lib/x86_64-linux-gnu/libmd.so.0.0.5
7f5a91c90000-7f5a91c91000 r--p 0000a000 08:20 6809                       /usr/lib/x86_64-linux-gnu/libmd.so.0.0.5
7f5a91c91000-7f5a91c92000 rw-p 0000b000 08:20 6809                       /usr/lib/x86_64-linux-gnu/libmd.so.0.0.5
7f5a91c92000-7f5a91c96000 r--p 00000000 08:20 6637                       /usr/lib/x86_64-linux-gnu/libbsd.so.0.11.5
7f5a91c96000-7f5a91ca3000 r-xp 00004000 08:20 6637                       /usr/lib/x86_64-linux-gnu/libbsd.so.0.11.5
7f5a91ca3000-7f5a91ca6000 r--p 00011000 08:20 6637                       /usr/lib/x86_64-linux-gnu/libbsd.so.0.11.5
7f5a91ca6000-7f5a91ca7000 ---p 00014000 08:20 6637                       /usr/lib/x86_64-linux-gnu/libbsd.so.0.11.5
7f5a91ca7000-7f5a91ca8000 r--p 00014000 08:20 6637                       /usr/lib/x86_64-linux-gnu/libbsd.so.0.11.5
7f5a91ca8000-7f5a91ca9000 rw-p 00015000 08:20 6637                       /usr/lib/x86_64-linux-gnu/libbsd.so.0.11.5
7f5a91ca9000-7f5a91caa000 rw-p 00000000 00:00 0 
7f5a91caa000-7f5a91cab000 r--p 00000000 08:20 6631                       /usr/lib/x86_64-linux-gnu/libbrotlicommon.so.1.0.9
7f5a91cab000-7f5a91cac000 r-xp 00001000 08:20 6631                       /usr/lib/x86_64-linux-gnu/libbrotlicommon.so.1.0.9
7f5a91cac000-7f5a91ccb000 r--p 00002000 08:20 6631                       /usr/lib/x86_64-linux-gnu/libbrotlicommon.so.1.0.9
7f5a91ccb000-7f5a91ccc000 r--p 00020000 08:20 6631                       /usr/lib/x86_64-linux-gnu/libbrotlicommon.so.1.0.9
7f5a91ccc000-7f5a91ccd000 rw-p 00021000 08:20 6631                       /usr/lib/x86_64-linux-gnu/libbrotlicommon.so.1.0.9
7f5a91ccd000-7f5a91ccf000 r--p 00000000 08:20 63716                      /usr/lib/x86_64-linux-gnu/libdatrie.so.1.4.0
7f5a91ccf000-7f5a91cd3000 r-xp 00002000 08:20 63716                      /usr/lib/x86_64-linux-gnu/libdatrie.so.1.4.0
7f5a91cd3000-7f5a91cd4000 r--p 00006000 08:20 63716                      /usr/lib/x86_64-linux-gnu/libdatrie.so.1.4.0
7f5a91cd4000-7f5a91cd5000 r--p 00007000 08:20 63716                      /usr/lib/x86_64-linux-gnu/libdatrie.so.1.4.0
7f5a91cd5000-7f5a91cd6000 rw-p 00008000 08:20 63716                      /usr/lib/x86_64-linux-gnu/libdatrie.so.1.4.0
7f5a91cd6000-7f5a91cd8000 r--p 00000000 08:20 6599                       /usr/lib/x86_64-linux-gnu/libXdmcp.so.6.0.0
7f5a91cd8000-7f5a91cda000 r-xp 00002000 08:20 6599                       /usr/lib/x86_64-linux-gnu/libXdmcp.so.6.0.0
7f5a91cda000-7f5a91cdc000 r--p 00004000 08:20 6599                       /usr/lib/x86_64-linux-gnu/libXdmcp.so.6.0.0
7f5a91cdc000-7f5a91cdd000 r--p 00005000 08:20 6599                       /usr/lib/x86_64-linux-gnu/libXdmcp.so.6.0.0
7f5a91cdd000-7f5a91cde000 rw-p 00006000 08:20 6599                       /usr/lib/x86_64-linux-gnu/libXdmcp.so.6.0.0
7f5a91cde000-7f5a91cdf000 r--p 00000000 08:20 6597                       /usr/lib/x86_64-linux-gnu/libXau.so.6.0.0
7f5a91cdf000-7f5a91ce1000 r-xp 00001000 08:20 6597                       /usr/lib/x86_64-linux-gnu/libXau.so.6.0.0
7f5a91ce1000-7f5a91ce2000 r--p 00003000 08:20 6597                       /usr/lib/x86_64-linux-gnu/libXau.so.6.0.0
7f5a91ce2000-7f5a91ce3000 r--p 00003000 08:20 6597                       /usr/lib/x86_64-linux-gnu/libXau.so.6.0.0
7f5a91ce3000-7f5a91ce4000 rw-p 00004000 08:20 6597                       /usr/lib/x86_64-linux-gnu/libXau.so.6.0.0
7f5a91ce4000-7f5a91ce7000 r--p 00000000 08:20 63469                      /usr/lib/x86_64-linux-gnu/libgraphite2.so.3.2.1
7f5a91ce7000-7f5a91d04000 r-xp 00003000 08:20 63469                      /usr/lib/x86_64-linux-gnu/libgraphite2.so.3.2.1
7f5a91d04000-7f5a91d08000 r--p 00020000 08:20 63469                      /usr/lib/x86_64-linux-gnu/libgraphite2.so.3.2.1
7f5a91d08000-7f5a91d0a000 r--p 00023000 08:20 63469                      /usr/lib/x86_64-linux-gnu/libgraphite2.so.3.2.1
7f5a91d0a000-7f5a91d0b000 rw-p 00025000 08:20 63469                      /usr/lib/x86_64-linux-gnu/libgraphite2.so.3.2.1
7f5a91d0b000-7f5a91d0d000 r--p 00000000 08:20 6889                       /usr/lib/x86_64-linux-gnu/libpcre2-8.so.0.10.4
7f5a91d0d000-7f5a91d78000 r-xp 00002000 08:20 6889                       /usr/lib/x86_64-linux-gnu/libpcre2-8.so.0.10.4
7f5a91d78000-7f5a91da0000 r--p 0006d000 08:20 6889                       /usr/lib/x86_64-linux-gnu/libpcre2-8.so.0.10.4
7f5a91da0000-7f5a91da1000 r--p 00094000 08:20 6889                       /usr/lib/x86_64-linux-gnu/libpcre2-8.so.0.10.4
7f5a91da1000-7f5a91da2000 rw-p 00095000 08:20 6889                       /usr/lib/x86_64-linux-gnu/libpcre2-8.so.0.10.4
7f5a91da2000-7f5a91da9000 r--p 00000000 08:20 11257                      /usr/lib/x86_64-linux-gnu/libblkid.so.1.1.0
7f5a91da9000-7f5a91dc9000 r-xp 00007000 08:20 11257                      /usr/lib/x86_64-linux-gnu/libblkid.so.1.1.0
7f5a91dc9000-7f5a91dd2000 r--p 00027000 08:20 11257                      /usr/lib/x86_64-linux-gnu/libblkid.so.1.1.0
7f5a91dd2000-7f5a91dd3000 ---p 00030000 08:20 11257                      /usr/lib/x86_64-linux-gnu/libblkid.so.1.1.0
7f5a91dd3000-7f5a91dd8000 r--p 00030000 08:20 11257                      /usr/lib/x86_64-linux-gnu/libblkid.so.1.1.0
7f5a91dd8000-7f5a91dd9000 rw-p 00035000 08:20 11257                      /usr/lib/x86_64-linux-gnu/libblkid.so.1.1.0
7f5a91dd9000-7f5a91ddc000 r--p 00000000 08:20 72473                      /usr/lib/x86_64-linux-gnu/libGLX.so.0.0.0
7f5a91ddc000-7f5a91df7000 r-xp 00003000 08:20 72473                      /usr/lib/x86_64-linux-gnu/libGLX.so.0.0.0
7f5a91df7000-7f5a91dfa000 r--p 0001e000 08:20 72473                      /usr/lib/x86_64-linux-gnu/libGLX.so.0.0.0
7f5a91dfa000-7f5a91dfb000 ---p 00021000 08:20 72473                      /usr/lib/x86_64-linux-gnu/libGLX.so.0.0.0
7f5a91dfb000-7f5a91dfc000 r--p 00021000 08:20 72473                      /usr/lib/x86_64-linux-gnu/libGLX.so.0.0.0
7f5a91dfc000-7f5a91dfd000 rw-p 00022000 08:20 72473                      /usr/lib/x86_64-linux-gnu/libGLX.so.0.0.0
7f5a91dfd000-7f5a91e0d000 rw-p 00000000 00:00 0 
7f5a91e0d000-7f5a91e4d000 r--p 00000000 08:20 72457                      /usr/lib/x86_64-linux-gnu/libGLdispatch.so.0.0.0
7f5a91e4d000-7f5a91e8c000 r-xp 00040000 08:20 72457                      /usr/lib/x86_64-linux-gnu/libGLdispatch.so.0.0.0
7f5a91e8c000-7f5a91e9f000 r--p 0007f000 08:20 72457                      /usr/lib/x86_64-linux-gnu/libGLdispatch.so.0.0.0
7f5a91e9f000-7f5a91ea0000 ---p 00092000 08:20 72457                      /usr/lib/x86_64-linux-gnu/libGLdispatch.so.0.0.0
7f5a91ea0000-7f5a91ebc000 r--p 00092000 08:20 72457                      /usr/lib/x86_64-linux-gnu/libGLdispatch.so.0.0.0
7f5a91ebc000-7f5a91ebd000 rw-p 000ae000 08:20 72457                      /usr/lib/x86_64-linux-gnu/libGLdispatch.so.0.0.0
7f5a91ebd000-7f5a91ec5000 rw-p 00000000 00:00 0 
7f5a91ec5000-7f5a91ec7000 r--p 00000000 08:20 6887                       /usr/lib/x86_64-linux-gnu/libpcre.so.3.13.3
7f5a91ec7000-7f5a91f1c000 r-xp 00002000 08:20 6887                       /usr/lib/x86_64-linux-gnu/libpcre.so.3.13.3
7f5a91f1c000-7f5a91f39000 r--p 00057000 08:20 6887                       /usr/lib/x86_64-linux-gnu/libpcre.so.3.13.3
7f5a91f39000-7f5a91f3a000 r--p 00073000 08:20 6887                       /usr/lib/x86_64-linux-gnu/libpcre.so.3.13.3
7f5a91f3a000-7f5a91f3b000 rw-p 00074000 08:20 6887                       /usr/lib/x86_64-linux-gnu/libpcre.so.3.13.3
7f5a91f3b000-7f5a91f3d000 r--p 00000000 08:20 6698                       /usr/lib/x86_64-linux-gnu/libffi.so.8.1.0
7f5a91f3d000-7f5a91f44000 r-xp 00002000 08:20 6698                       /usr/lib/x86_64-linux-gnu/libffi.so.8.1.0
7f5a91f44000-7f5a91f45000 r--p 00009000 08:20 6698                       /usr/lib/x86_64-linux-gnu/libffi.so.8.1.0
7f5a91f45000-7f5a91f46000 ---p 0000a000 08:20 6698                       /usr/lib/x86_64-linux-gnu/libffi.so.8.1.0
7f5a91f46000-7f5a91f47000 r--p 0000a000 08:20 6698                       /usr/lib/x86_64-linux-gnu/libffi.so.8.1.0
7f5a91f47000-7f5a91f48000 rw-p 0000b000 08:20 6698                       /usr/lib/x86_64-linux-gnu/libffi.so.8.1.0
7f5a91f48000-7f5a91f4a000 r--p 00000000 08:20 15190                      /usr/lib/x86_64-linux-gnu/libuuid.so.1.3.0
7f5a91f4a000-7f5a91f4e000 r-xp 00002000 08:20 15190                      /usr/lib/x86_64-linux-gnu/libuuid.so.1.3.0
7f5a91f4e000-7f5a91f4f000 r--p 00006000 08:20 15190                      /usr/lib/x86_64-linux-gnu/libuuid.so.1.3.0
7f5a91f4f000-7f5a91f50000 r--p 00006000 08:20 15190                      /usr/lib/x86_64-linux-gnu/libuuid.so.1.3.0
7f5a91f50000-7f5a91f51000 rw-p 00007000 08:20 15190                      /usr/lib/x86_64-linux-gnu/libuuid.so.1.3.0
7f5a91f51000-7f5a91f55000 r--p 00000000 08:20 81816                      /usr/lib/x86_64-linux-gnu/libexpat.so.1.8.7
7f5a91f55000-7f5a91f74000 r-xp 00004000 08:20 81816                      /usr/lib/x86_64-linux-gnu/libexpat.so.1.8.7
7f5a91f74000-7f5a91f7e000 r--p 00023000 08:20 81816                      /usr/lib/x86_64-linux-gnu/libexpat.so.1.8.7
7f5a91f7e000-7f5a91f7f000 ---p 0002d000 08:20 81816                      /usr/lib/x86_64-linux-gnu/libexpat.so.1.8.7
7f5a91f7f000-7f5a91f81000 r--p 0002d000 08:20 81816                      /usr/lib/x86_64-linux-gnu/libexpat.so.1.8.7
7f5a91f81000-7f5a91f82000 rw-p 0002f000 08:20 81816                      /usr/lib/x86_64-linux-gnu/libexpat.so.1.8.7
7f5a91f82000-7f5a91f83000 r--p 00000000 08:20 6633                       /usr/lib/x86_64-linux-gnu/libbrotlidec.so.1.0.9
7f5a91f83000-7f5a91f8b000 r-xp 00001000 08:20 6633                       /usr/lib/x86_64-linux-gnu/libbrotlidec.so.1.0.9
7f5a91f8b000-7f5a91f8e000 r--p 00009000 08:20 6633                       /usr/lib/x86_64-linux-gnu/libbrotlidec.so.1.0.9
7f5a91f8e000-7f5a91f8f000 r--p 0000b000 08:20 6633                       /usr/lib/x86_64-linux-gnu/libbrotlidec.so.1.0.9
7f5a91f8f000-7f5a91f90000 rw-p 0000c000 08:20 6633                       /usr/lib/x86_64-linux-gnu/libbrotlidec.so.1.0.9
7f5a91f90000-7f5a91f92000 r--p 00000000 08:20 63637                      /usr/lib/x86_64-linux-gnu/libthai.so.0.3.1
7f5a91f92000-7f5a91f96000 r-xp 00002000 08:20 63637                      /usr/lib/x86_64-linux-gnu/libthai.so.0.3.1
7f5a91f96000-7f5a91f99000 r--p 00006000 08:20 63637                      /usr/lib/x86_64-linux-gnu/libthai.so.0.3.1
7f5a91f99000-7f5a91f9a000 r--p 00008000 08:20 63637                      /usr/lib/x86_64-linux-gnu/libthai.so.0.3.1
7f5a91f9a000-7f5a91f9b000 rw-p 00009000 08:20 63637                      /usr/lib/x86_64-linux-gnu/libthai.so.0.3.1
7f5a91f9b000-7f5a91f9d000 r--p 00000000 08:20 6706                       /usr/lib/x86_64-linux-gnu/libfribidi.so.0.4.0
7f5a91f9d000-7f5a91fa0000 r-xp 00002000 08:20 6706                       /usr/lib/x86_64-linux-gnu/libfribidi.so.0.4.0
7f5a91fa0000-7f5a91fb5000 r--p 00005000 08:20 6706                       /usr/lib/x86_64-linux-gnu/libfribidi.so.0.4.0
7f5a91fb5000-7f5a91fb6000 r--p 00019000 08:20 6706                       /usr/lib/x86_64-linux-gnu/libfribidi.so.0.4.0
7f5a91fb6000-7f5a91fb7000 rw-p 0001a000 08:20 6706                       /usr/lib/x86_64-linux-gnu/libfribidi.so.0.4.0
7f5a91fb7000-7f5a91fbc000 r--p 00000000 08:20 63575                      /usr/lib/x86_64-linux-gnu/libxcb-render.so.0.0.0
7f5a91fbc000-7f5a91fc1000 r-xp 00005000 08:20 63575                      /usr/lib/x86_64-linux-gnu/libxcb-render.so.0.0.0
7f5a91fc1000-7f5a91fc3000 r--p 0000a000 08:20 63575                      /usr/lib/x86_64-linux-gnu/libxcb-render.so.0.0.0
7f5a91fc3000-7f5a91fc4000 ---p 0000c000 08:20 63575                      /usr/lib/x86_64-linux-gnu/libxcb-render.so.0.0.0
7f5a91fc4000-7f5a91fc5000 r--p 0000c000 08:20 63575                      /usr/lib/x86_64-linux-gnu/libxcb-render.so.0.0.0
7f5a91fc5000-7f5a91fc6000 rw-p 0000d000 08:20 63575                      /usr/lib/x86_64-linux-gnu/libxcb-render.so.0.0.0
7f5a91fc6000-7f5a91fd1000 r--p 00000000 08:20 6985                       /usr/lib/x86_64-linux-gnu/libxcb.so.1.1.0
7f5a91fd1000-7f5a91fe5000 r-xp 0000b000 08:20 6985                       /usr/lib/x86_64-linux-gnu/libxcb.so.1.1.0
7f5a91fe5000-7f5a91fee000 r--p 0001f000 08:20 6985                       /usr/lib/x86_64-linux-gnu/libxcb.so.1.1.0
7f5a91fee000-7f5a91fef000 r--p 00027000 08:20 6985                       /usr/lib/x86_64-linux-gnu/libxcb.so.1.1.0
7f5a91fef000-7f5a91ff0000 rw-p 00028000 08:20 6985                       /usr/lib/x86_64-linux-gnu/libxcb.so.1.1.0
7f5a91ff0000-7f5a91ff1000 r--p 00000000 08:20 63588                      /usr/lib/x86_64-linux-gnu/libxcb-shm.so.0.0.0
7f5a91ff1000-7f5a91ff2000 r-xp 00001000 08:20 63588                      /usr/lib/x86_64-linux-gnu/libxcb-shm.so.0.0.0
7f5a91ff2000-7f5a91ff3000 r--p 00002000 08:20 63588                      /usr/lib/x86_64-linux-gnu/libxcb-shm.so.0.0.0
7f5a91ff3000-7f5a91ff4000 r--p 00002000 08:20 63588                      /usr/lib/x86_64-linux-gnu/libxcb-shm.so.0.0.0
7f5a91ff4000-7f5a91ff5000 rw-p 00003000 08:20 63588                      /usr/lib/x86_64-linux-gnu/libxcb-shm.so.0.0.0
7f5a91ff5000-7f5a91fff000 r--p 00000000 08:20 63561                      /usr/lib/x86_64-linux-gnu/libpixman-1.so.0.40.0
7f5a91fff000-7f5a92085000 r-xp 0000a000 08:20 63561                      /usr/lib/x86_64-linux-gnu/libpixman-1.so.0.40.0
7f5a92085000-7f5a92097000 r--p 00090000 08:20 63561                      /usr/lib/x86_64-linux-gnu/libpixman-1.so.0.40.0
7f5a92097000-7f5a9209f000 r--p 000a1000 08:20 63561                      /usr/lib/x86_64-linux-gnu/libpixman-1.so.0.40.0
7f5a9209f000-7f5a920a0000 rw-p 000a9000 08:20 63561                      /usr/lib/x86_64-linux-gnu/libpixman-1.so.0.40.0
7f5a920a0000-7f5a920a4000 r--p 00000000 08:20 37319                      /usr/lib/x86_64-linux-gnu/libjpeg.so.8.2.2
7f5a920a4000-7f5a920ed000 r-xp 00004000 08:20 37319                      /usr/lib/x86_64-linux-gnu/libjpeg.so.8.2.2
7f5a920ed000-7f5a9211f000 r--p 0004d000 08:20 37319                      /usr/lib/x86_64-linux-gnu/libjpeg.so.8.2.2
7f5a9211f000-7f5a92120000 r--p 0007e000 08:20 37319                      /usr/lib/x86_64-linux-gnu/libjpeg.so.8.2.2
7f5a92120000-7f5a92121000 rw-p 0007f000 08:20 37319                      /usr/lib/x86_64-linux-gnu/libjpeg.so.8.2.2
7f5a92121000-7f5a92126000 r--p 00000000 08:20 6905                       /usr/lib/x86_64-linux-gnu/libpng16.so.16.37.0
7f5a92126000-7f5a9214f000 r-xp 00005000 08:20 6905                       /usr/lib/x86_64-linux-gnu/libpng16.so.16.37.0
7f5a9214f000-7f5a9215a000 r--p 0002e000 08:20 6905                       /usr/lib/x86_64-linux-gnu/libpng16.so.16.37.0
7f5a9215a000-7f5a9215b000 r--p 00038000 08:20 6905                       /usr/lib/x86_64-linux-gnu/libpng16.so.16.37.0
7f5a9215b000-7f5a9215c000 rw-p 00039000 08:20 6905                       /usr/lib/x86_64-linux-gnu/libpng16.so.16.37.0
7f5a9215c000-7f5a92165000 r--p 00000000 08:20 63525                      /usr/lib/x86_64-linux-gnu/libharfbuzz.so.0.20704.0
7f5a92165000-7f5a921f6000 r-xp 00009000 08:20 63525                      /usr/lib/x86_64-linux-gnu/libharfbuzz.so.0.20704.0
7f5a921f6000-7f5a92228000 r--p 0009a000 08:20 63525                      /usr/lib/x86_64-linux-gnu/libharfbuzz.so.0.20704.0
7f5a92228000-7f5a92229000 ---p 000cc000 08:20 63525                      /usr/lib/x86_64-linux-gnu/libharfbuzz.so.0.20704.0
7f5a92229000-7f5a9222a000 r--p 000cc000 08:20 63525                      /usr/lib/x86_64-linux-gnu/libharfbuzz.so.0.20704.0
7f5a9222a000-7f5a9222b000 rw-p 000cd000 08:20 63525                      /usr/lib/x86_64-linux-gnu/libharfbuzz.so.0.20704.0
7f5a9222b000-7f5a92231000 r--p 00000000 08:20 6928                       /usr/lib/x86_64-linux-gnu/libselinux.so.1
7f5a92231000-7f5a9224b000 r-xp 00006000 08:20 6928                       /usr/lib/x86_64-linux-gnu/libselinux.so.1
7f5a9224b000-7f5a92252000 r--p 00020000 08:20 6928                       /usr/lib/x86_64-linux-gnu/libselinux.so.1
7f5a92252000-7f5a92253000 ---p 00027000 08:20 6928                       /usr/lib/x86_64-linux-gnu/libselinux.so.1
7f5a92253000-7f5a92254000 r--p 00027000 08:20 6928                       /usr/lib/x86_64-linux-gnu/libselinux.so.1
7f5a92254000-7f5a92255000 rw-p 00028000 08:20 6928                       /usr/lib/x86_64-linux-gnu/libselinux.so.1
7f5a92255000-7f5a92257000 rw-p 00000000 00:00 0 
7f5a92257000-7f5a9225f000 r--p 00000000 08:20 14091                      /usr/lib/x86_64-linux-gnu/libmount.so.1.1.0
7f5a9225f000-7f5a9228b000 r-xp 00008000 08:20 14091                      /usr/lib/x86_64-linux-gnu/libmount.so.1.1.0
7f5a9228b000-7f5a92298000 r--p 00034000 08:20 14091                      /usr/lib/x86_64-linux-gnu/libmount.so.1.1.0
7f5a92298000-7f5a92299000 ---p 00041000 08:20 14091                      /usr/lib/x86_64-linux-gnu/libmount.so.1.1.0
7f5a92299000-7f5a9229a000 r--p 00041000 08:20 14091                      /usr/lib/x86_64-linux-gnu/libmount.so.1.1.0
7f5a9229a000-7f5a9229b000 rw-p 00042000 08:20 14091                      /usr/lib/x86_64-linux-gnu/libmount.so.1.1.0
7f5a9229b000-7f5a9229d000 r--p 00000000 08:20 6997                       /usr/lib/x86_64-linux-gnu/libz.so.1.2.11
7f5a9229d000-7f5a922ae000 r-xp 00002000 08:20 6997                       /usr/lib/x86_64-linux-gnu/libz.so.1.2.11
7f5a922ae000-7f5a922b4000 r--p 00013000 08:20 6997                       /usr/lib/x86_64-linux-gnu/libz.so.1.2.11
7f5a922b4000-7f5a922b5000 ---p 00019000 08:20 6997                       /usr/lib/x86_64-linux-gnu/libz.so.1.2.11
7f5a922b5000-7f5a922b6000 r--p 00019000 08:20 6997                       /usr/lib/x86_64-linux-gnu/libz.so.1.2.11
7f5a922b6000-7f5a922b7000 rw-p 0001a000 08:20 6997                       /usr/lib/x86_64-linux-gnu/libz.so.1.2.11
7f5a922b7000-7f5a922bb000 r--p 00000000 08:20 6601                       /usr/lib/x86_64-linux-gnu/libXext.so.6.4.0
7f5a922bb000-7f5a922c6000 r-xp 00004000 08:20 6601                       /usr/lib/x86_64-linux-gnu/libXext.so.6.4.0
7f5a922c6000-7f5a922ca000 r--p 0000f000 08:20 6601                       /usr/lib/x86_64-linux-gnu/libXext.so.6.4.0
7f5a922ca000-7f5a922cb000 r--p 00012000 08:20 6601                       /usr/lib/x86_64-linux-gnu/libXext.so.6.4.0
7f5a922cb000-7f5a922cc000 rw-p 00013000 08:20 6601                       /usr/lib/x86_64-linux-gnu/libXext.so.6.4.0
7f5a922cc000-7f5a922cd000 r--p 00000000 08:20 64268                      /usr/lib/x86_64-linux-gnu/libXdamage.so.1.1.0
7f5a922cd000-7f5a922ce000 r-xp 00001000 08:20 64268                      /usr/lib/x86_64-linux-gnu/libXdamage.so.1.1.0
7f5a922ce000-7f5a922cf000 r--p 00002000 08:20 64268                      /usr/lib/x86_64-linux-gnu/libXdamage.so.1.1.0
7f5a922cf000-7f5a922d0000 r--p 00002000 08:20 64268                      /usr/lib/x86_64-linux-gnu/libXdamage.so.1.1.0
7f5a922d0000-7f5a922d1000 rw-p 00003000 08:20 64268                      /usr/lib/x86_64-linux-gnu/libXdamage.so.1.1.0
7f5a922d1000-7f5a922d3000 r--p 00000000 08:20 64251                      /usr/lib/x86_64-linux-gnu/libXcursor.so.1.0.2
7f5a922d3000-7f5a922d9000 r-xp 00002000 08:20 64251                      /usr/lib/x86_64-linux-gnu/libXcursor.so.1.0.2
7f5a922d9000-7f5a922db000 r--p 00008000 08:20 64251                      /usr/lib/x86_64-linux-gnu/libXcursor.so.1.0.2
7f5a922db000-7f5a922dc000 r--p 00009000 08:20 64251                      /usr/lib/x86_64-linux-gnu/libXcursor.so.1.0.2
7f5a922dc000-7f5a922dd000 rw-p 0000a000 08:20 64251                      /usr/lib/x86_64-linux-gnu/libXcursor.so.1.0.2
7f5a922dd000-7f5a922df000 r--p 00000000 08:20 64306                      /usr/lib/x86_64-linux-gnu/libXrandr.so.2.2.0
7f5a922df000-7f5a922e6000 r-xp 00002000 08:20 64306                      /usr/lib/x86_64-linux-gnu/libXrandr.so.2.2.0
7f5a922e6000-7f5a922e8000 r--p 00009000 08:20 64306                      /usr/lib/x86_64-linux-gnu/libXrandr.so.2.2.0
7f5a922e8000-7f5a922e9000 r--p 0000a000 08:20 64306                      /usr/lib/x86_64-linux-gnu/libXrandr.so.2.2.0
7f5a922e9000-7f5a922ea000 rw-p 0000b000 08:20 64306                      /usr/lib/x86_64-linux-gnu/libXrandr.so.2.2.0
7f5a922ea000-7f5a922ed000 r--p 00000000 08:20 61715                      /usr/lib/x86_64-linux-gnu/libXi.so.6.1.0
7f5a922ed000-7f5a922f9000 r-xp 00003000 08:20 61715                      /usr/lib/x86_64-linux-gnu/libXi.so.6.1.0
7f5a922f9000-7f5a922fc000 r--p 0000f000 08:20 61715                      /usr/lib/x86_64-linux-gnu/libXi.so.6.1.0
7f5a922fc000-7f5a922fd000 r--p 00011000 08:20 61715                      /usr/lib/x86_64-linux-gnu/libXi.so.6.1.0
7f5a922fd000-7f5a922fe000 rw-p 00012000 08:20 61715                      /usr/lib/x86_64-linux-gnu/libXi.so.6.1.0
7f5a922fe000-7f5a92300000 r--p 00000000 08:20 63600                      /usr/lib/x86_64-linux-gnu/libXrender.so.1.3.0
7f5a92300000-7f5a92307000 r-xp 00002000 08:20 63600                      /usr/lib/x86_64-linux-gnu/libXrender.so.1.3.0
7f5a92307000-7f5a92309000 r--p 00009000 08:20 63600                      /usr/lib/x86_64-linux-gnu/libXrender.so.1.3.0
7f5a92309000-7f5a9230a000 r--p 0000a000 08:20 63600                      /usr/lib/x86_64-linux-gnu/libXrender.so.1.3.0
7f5a9230a000-7f5a9230b000 rw-p 0000b000 08:20 63600                      /usr/lib/x86_64-linux-gnu/libXrender.so.1.3.0
7f5a9230b000-7f5a9230e000 r--p 00000000 08:20 6709                       /usr/lib/x86_64-linux-gnu/libgcc_s.so.1
7f5a9230e000-7f5a92325000 r-xp 00003000 08:20 6709                       /usr/lib/x86_64-linux-gnu/libgcc_s.so.1
7f5a92325000-7f5a92329000 r--p 0001a000 08:20 6709                       /usr/lib/x86_64-linux-gnu/libgcc_s.so.1
7f5a92329000-7f5a9232a000 r--p 0001d000 08:20 6709                       /usr/lib/x86_64-linux-gnu/libgcc_s.so.1
7f5a9232a000-7f5a9232b000 rw-p 0001e000 08:20 6709                       /usr/lib/x86_64-linux-gnu/libgcc_s.so.1
7f5a9232b000-7f5a923c5000 r--p 00000000 08:20 6947                       /usr/lib/x86_64-linux-gnu/libstdc++.so.6.0.30
7f5a923c5000-7f5a924d6000 r-xp 0009a000 08:20 6947                       /usr/lib/x86_64-linux-gnu/libstdc++.so.6.0.30
7f5a924d6000-7f5a92545000 r--p 001ab000 08:20 6947                       /usr/lib/x86_64-linux-gnu/libstdc++.so.6.0.30
7f5a92545000-7f5a92546000 ---p 0021a000 08:20 6947                       /usr/lib/x86_64-linux-gnu/libstdc++.so.6.0.30
7f5a92546000-7f5a92551000 r--p 0021a000 08:20 6947                       /usr/lib/x86_64-linux-gnu/libstdc++.so.6.0.30
7f5a92551000-7f5a92554000 rw-p 00225000 08:20 6947                       /usr/lib/x86_64-linux-gnu/libstdc++.so.6.0.30
7f5a92554000-7f5a92557000 rw-p 00000000 00:00 0 
7f5a92557000-7f5a9259a000 r--p 00000000 08:20 72488                      /usr/lib/x86_64-linux-gnu/libGL.so.1.7.0
7f5a9259a000-7f5a925b9000 r-xp 00043000 08:20 72488                      /usr/lib/x86_64-linux-gnu/libGL.so.1.7.0
7f5a925b9000-7f5a925ce000 r--p 00062000 08:20 72488                      /usr/lib/x86_64-linux-gnu/libGL.so.1.7.0
7f5a925ce000-7f5a925dc000 r--p 00076000 08:20 72488                      /usr/lib/x86_64-linux-gnu/libGL.so.1.7.0
7f5a925dc000-7f5a925dd000 rw-p 00084000 08:20 72488                      /usr/lib/x86_64-linux-gnu/libGL.so.1.7.0
7f5a925dd000-7f5a925de000 rw-p 00000000 00:00 0 
7f5a925de000-7f5a925f7000 r--p 00000000 08:20 6595                       /usr/lib/x86_64-linux-gnu/libX11.so.6.4.0
7f5a925f7000-7f5a92683000 r-xp 00019000 08:20 6595                       /usr/lib/x86_64-linux-gnu/libX11.so.6.4.0
7f5a92683000-7f5a92718000 r--p 000a5000 08:20 6595                       /usr/lib/x86_64-linux-gnu/libX11.so.6.4.0
7f5a92718000-7f5a92719000 ---p 0013a000 08:20 6595                       /usr/lib/x86_64-linux-gnu/libX11.so.6.4.0
7f5a92719000-7f5a9271a000 r--p 0013a000 08:20 6595                       /usr/lib/x86_64-linux-gnu/libX11.so.6.4.0
7f5a9271a000-7f5a9271e000 rw-p 0013b000 08:20 6595                       /usr/lib/x86_64-linux-gnu/libX11.so.6.4.0
7f5a9271e000-7f5a9273b000 r--p 00000000 08:20 18060                      /usr/lib/x86_64-linux-gnu/libglib-2.0.so.0.7200.4
7f5a9273b000-7f5a927ca000 r-xp 0001d000 08:20 18060                      /usr/lib/x86_64-linux-gnu/libglib-2.0.so.0.7200.4
7f5a927ca000-7f5a92854000 r--p 000ac000 08:20 18060                      /usr/lib/x86_64-linux-gnu/libglib-2.0.so.0.7200.4
7f5a92854000-7f5a92855000 ---p 00136000 08:20 18060                      /usr/lib/x86_64-linux-gnu/libglib-2.0.so.0.7200.4
7f5a92855000-7f5a92856000 r--p 00136000 08:20 18060                      /usr/lib/x86_64-linux-gnu/libglib-2.0.so.0.7200.4
7f5a92856000-7f5a92857000 rw-p 00137000 08:20 18060                      /usr/lib/x86_64-linux-gnu/libglib-2.0.so.0.7200.4
7f5a92857000-7f5a92858000 rw-p 00000000 00:00 0 
7f5a92858000-7f5a92867000 r--p 00000000 08:20 27949                      /usr/lib/x86_64-linux-gnu/libgobject-2.0.so.0.7200.4
7f5a92867000-7f5a9289a000 r-xp 0000f000 08:20 27949                      /usr/lib/x86_64-linux-gnu/libgobject-2.0.so.0.7200.4
7f5a9289a000-7f5a928b4000 r--p 00042000 08:20 27949                      /usr/lib/x86_64-linux-gnu/libgobject-2.0.so.0.7200.4
7f5a928b4000-7f5a928b7000 r--p 0005b000 08:20 27949                      /usr/lib/x86_64-linux-gnu/libgobject-2.0.so.0.7200.4
7f5a928b7000-7f5a928b8000 rw-p 0005e000 08:20 27949                      /usr/lib/x86_64-linux-gnu/libgobject-2.0.so.0.7200.4
7f5a928b8000-7f5a928bf000 r--p 00000000 08:20 37306                      /usr/lib/x86_64-linux-gnu/libfontconfig.so.1.12.0
7f5a928bf000-7f5a928e8000 r-xp 00007000 08:20 37306                      /usr/lib/x86_64-linux-gnu/libfontconfig.so.1.12.0
7f5a928e8000-7f5a928fe000 r--p 00030000 08:20 37306                      /usr/lib/x86_64-linux-gnu/libfontconfig.so.1.12.0
7f5a928fe000-7f5a928ff000 ---p 00046000 08:20 37306                      /usr/lib/x86_64-linux-gnu/libfontconfig.so.1.12.0
7f5a928ff000-7f5a92901000 r--p 00046000 08:20 37306                      /usr/lib/x86_64-linux-gnu/libfontconfig.so.1.12.0
7f5a92901000-7f5a92902000 rw-p 00048000 08:20 37306                      /usr/lib/x86_64-linux-gnu/libfontconfig.so.1.12.0
7f5a92902000-7f5a9290f000 r--p 00000000 08:20 37292                      /usr/lib/x86_64-linux-gnu/libfreetype.so.6.18.1
7f5a9290f000-7f5a92998000 r-xp 0000d000 08:20 37292                      /usr/lib/x86_64-linux-gnu/libfreetype.so.6.18.1
7f5a92998000-7f5a929c1000 r--p 00096000 08:20 37292                      /usr/lib/x86_64-linux-gnu/libfreetype.so.6.18.1
7f5a929c1000-7f5a929c2000 ---p 000bf000 08:20 37292                      /usr/lib/x86_64-linux-gnu/libfreetype.so.6.18.1
7f5a929c2000-7f5a929c9000 r--p 000bf000 08:20 37292                      /usr/lib/x86_64-linux-gnu/libfreetype.so.6.18.1
7f5a929c9000-7f5a929ca000 rw-p 000c6000 08:20 37292                      /usr/lib/x86_64-linux-gnu/libfreetype.so.6.18.1
7f5a929ca000-7f5a929dc000 r--p 00000000 08:20 63695                      /usr/lib/x86_64-linux-gnu/libpango-1.0.so.0.5000.6
7f5a929dc000-7f5a92a11000 r-xp 00012000 08:20 63695                      /usr/lib/x86_64-linux-gnu/libpango-1.0.so.0.5000.6
7f5a92a11000-7f5a92a2c000 r--p 00047000 08:20 63695                      /usr/lib/x86_64-linux-gnu/libpango-1.0.so.0.5000.6
7f5a92a2c000-7f5a92a30000 r--p 00061000 08:20 63695                      /usr/lib/x86_64-linux-gnu/libpango-1.0.so.0.5000.6
7f5a92a30000-7f5a92a31000 rw-p 00065000 08:20 63695                      /usr/lib/x86_64-linux-gnu/libpango-1.0.so.0.5000.6
7f5a92a31000-7f5a92a43000 r--p 00000000 08:20 63613                      /usr/lib/x86_64-linux-gnu/libcairo.so.2.11600.0
7f5a92a43000-7f5a92b16000 r-xp 00012000 08:20 63613                      /usr/lib/x86_64-linux-gnu/libcairo.so.2.11600.0
7f5a92b16000-7f5a92b53000 r--p 000e5000 08:20 63613                      /usr/lib/x86_64-linux-gnu/libcairo.so.2.11600.0
7f5a92b53000-7f5a92b57000 r--p 00121000 08:20 63613                      /usr/lib/x86_64-linux-gnu/libcairo.so.2.11600.0
7f5a92b57000-7f5a92b58000 rw-p 00125000 08:20 63613                      /usr/lib/x86_64-linux-gnu/libcairo.so.2.11600.0
7f5a92b58000-7f5a92b59000 rw-p 00000000 00:00 0 
7f5a92b59000-7f5a92b61000 r--p 00000000 08:20 48293                      /usr/lib/x86_64-linux-gnu/libgdk_pixbuf-2.0.so.0.4200.8
7f5a92b61000-7f5a92b7c000 r-xp 00008000 08:20 48293                      /usr/lib/x86_64-linux-gnu/libgdk_pixbuf-2.0.so.0.4200.8
7f5a92b7c000-7f5a92b86000 r--p 00023000 08:20 48293                      /usr/lib/x86_64-linux-gnu/libgdk_pixbuf-2.0.so.0.4200.8
7f5a92b86000-7f5a92b87000 ---p 0002d000 08:20 48293                      /usr/lib/x86_64-linux-gnu/libgdk_pixbuf-2.0.so.0.4200.8
7f5a92b87000-7f5a92b88000 r--p 0002d000 08:20 48293                      /usr/lib/x86_64-linux-gnu/libgdk_pixbuf-2.0.so.0.4200.8
7f5a92b88000-7f5a92b89000 rw-p 0002e000 08:20 48293                      /usr/lib/x86_64-linux-gnu/libgdk_pixbuf-2.0.so.0.4200.8
7f5a92b89000-7f5a92bed000 r--p 00000000 08:20 80549                      /usr/lib/x86_64-linux-gnu/libgtk-x11-2.0.so.0.2400.33
7f5a92bed000-7f5a92e7f000 r-xp 00064000 08:20 80549                      /usr/lib/x86_64-linux-gnu/libgtk-x11-2.0.so.0.2400.33
7f5a92e7f000-7f5a92ff3000 r--p 002f6000 08:20 80549                      /usr/lib/x86_64-linux-gnu/libgtk-x11-2.0.so.0.2400.33
7f5a92ff3000-7f5a92ffa000 r--p 00469000 08:20 80549                      /usr/lib/x86_64-linux-gnu/libgtk-x11-2.0.so.0.2400.33
7f5a92ffa000-7f5a92ffe000 rw-p 00470000 08:20 80549                      /usr/lib/x86_64-linux-gnu/libgtk-x11-2.0.so.0.2400.33
7f5a92ffe000-7f5a93000000 rw-p 00000000 00:00 0 
7f5a93000000-7f5a93003000 ---p 00000000 00:00 0 
7f5a93003000-7f5b04000000 rw-p 00000000 00:00 0 
7f5b04000000-7f5b04021000 rw-p 00000000 00:00 0 
7f5b04021000-7f5b08000000 ---p 00000000 00:00 0 
7f5b08000000-7f5b08242000 rw-p 00000000 00:00 0 
7f5b08242000-7f5b0c000000 ---p 00000000 00:00 0 
7f5b0c000000-7f5b0c021000 rw-p 00000000 00:00 0 
7f5b0c021000-7f5b10000000 ---p 00000000 00:00 0 
7f5b10000000-7f5b10001000 rwxp 00000000 00:00 0 
7f5b10001000-7f5b10002000 r--p 00000000 00:00 0 
7f5b10002000-7f5b10003000 r--p 00000000 08:20 64196                      /usr/lib/x86_64-linux-gnu/libXcomposite.so.1.0.0
7f5b10003000-7f5b10004000 r-xp 00001000 08:20 64196                      /usr/lib/x86_64-linux-gnu/libXcomposite.so.1.0.0
7f5b10004000-7f5b10005000 r--p 00002000 08:20 64196                      /usr/lib/x86_64-linux-gnu/libXcomposite.so.1.0.0
7f5b10005000-7f5b10006000 r--p 00002000 08:20 64196                      /usr/lib/x86_64-linux-gnu/libXcomposite.so.1.0.0
7f5b10006000-7f5b10007000 rw-p 00003000 08:20 64196                      /usr/lib/x86_64-linux-gnu/libXcomposite.so.1.0.0
7f5b10007000-7f5b10008000 r--p 00000000 08:20 64280                      /usr/lib/x86_64-linux-gnu/libXinerama.so.1.0.0
7f5b10008000-7f5b10009000 r-xp 00001000 08:20 64280                      /usr/lib/x86_64-linux-gnu/libXinerama.so.1.0.0
7f5b10009000-7f5b1000a000 r--p 00002000 08:20 64280                      /usr/lib/x86_64-linux-gnu/libXinerama.so.1.0.0
7f5b1000a000-7f5b1000b000 r--p 00003000 08:20 64280                      /usr/lib/x86_64-linux-gnu/libXinerama.so.1.0.0
7f5b1000b000-7f5b1000c000 rw-p 00004000 08:20 64280                      /usr/lib/x86_64-linux-gnu/libXinerama.so.1.0.0
7f5b1000c000-7f5b1000e000 r--p 00000000 08:20 61819                      /usr/lib/x86_64-linux-gnu/libXfixes.so.3.1.0
7f5b1000e000-7f5b10011000 r-xp 00002000 08:20 61819                      /usr/lib/x86_64-linux-gnu/libXfixes.so.3.1.0
7f5b10011000-7f5b10012000 r--p 00005000 08:20 61819                      /usr/lib/x86_64-linux-gnu/libXfixes.so.3.1.0
7f5b10012000-7f5b10013000 r--p 00006000 08:20 61819                      /usr/lib/x86_64-linux-gnu/libXfixes.so.3.1.0
7f5b10013000-7f5b10014000 rw-p 00007000 08:20 61819                      /usr/lib/x86_64-linux-gnu/libXfixes.so.3.1.0
7f5b10014000-7f5b10019000 r--p 00000000 08:20 63829                      /usr/lib/x86_64-linux-gnu/libpangocairo-1.0.so.0.5000.6
7f5b10019000-7f5b10021000 r-xp 00005000 08:20 63829                      /usr/lib/x86_64-linux-gnu/libpangocairo-1.0.so.0.5000.6
7f5b10021000-7f5b10023000 r--p 0000d000 08:20 63829                      /usr/lib/x86_64-linux-gnu/libpangocairo-1.0.so.0.5000.6
7f5b10023000-7f5b10024000 ---p 0000f000 08:20 63829                      /usr/lib/x86_64-linux-gnu/libpangocairo-1.0.so.0.5000.6
7f5b10024000-7f5b10025000 r--p 0000f000 08:20 63829                      /usr/lib/x86_64-linux-gnu/libpangocairo-1.0.so.0.5000.6
7f5b10025000-7f5b10026000 rw-p 00010000 08:20 63829                      /usr/lib/x86_64-linux-gnu/libpangocairo-1.0.so.0.5000.6
7f5b10026000-7f5b1005e000 r--p 00000000 08:20 18039                      /usr/lib/x86_64-linux-gnu/libgio-2.0.so.0.7200.4
7f5b1005e000-7f5b1016f000 r-xp 00038000 08:20 18039                      /usr/lib/x86_64-linux-gnu/libgio-2.0.so.0.7200.4
7f5b1016f000-7f5b101f5000 r--p 00149000 08:20 18039                      /usr/lib/x86_64-linux-gnu/libgio-2.0.so.0.7200.4
7f5b101f5000-7f5b101fd000 r--p 001ce000 08:20 18039                      /usr/lib/x86_64-linux-gnu/libgio-2.0.so.0.7200.4
7f5b101fd000-7f5b101fe000 rw-p 001d6000 08:20 18039                      /usr/lib/x86_64-linux-gnu/libgio-2.0.so.0.7200.4
7f5b101fe000-7f5b10200000 rw-p 00000000 00:00 0 
7f5b10200000-7f5b1020c000 r-xp 00000000 08:20 109762                     /usr/local/bin/java/jdk1.8.0_66/jre/lib/amd64/libprism_es2.so
7f5b1020c000-7f5b1040b000 ---p 0000c000 08:20 109762                     /usr/local/bin/java/jdk1.8.0_66/jre/lib/amd64/libprism_es2.so
7f5b1040b000-7f5b1040c000 rw-p 0000b000 08:20 109762                     /usr/local/bin/java/jdk1.8.0_66/jre/lib/amd64/libprism_es2.so
7f5b1040c000-7f5b1040d000 rw-s a01e22000 00:01 6357                      /dev/zero (deleted)
7f5b1040d000-7f5b10429000 r--p 00000000 08:20 80548                      /usr/lib/x86_64-linux-gnu/libgdk-x11-2.0.so.0.2400.33
7f5b10429000-7f5b1048e000 r-xp 0001c000 08:20 80548                      /usr/lib/x86_64-linux-gnu/libgdk-x11-2.0.so.0.2400.33
7f5b1048e000-7f5b104c8000 r--p 00081000 08:20 80548                      /usr/lib/x86_64-linux-gnu/libgdk-x11-2.0.so.0.2400.33
7f5b104c8000-7f5b104cc000 r--p 000ba000 08:20 80548                      /usr/lib/x86_64-linux-gnu/libgdk-x11-2.0.so.0.2400.33
7f5b104cc000-7f5b104ce000 rw-p 000be000 08:20 80548                      /usr/lib/x86_64-linux-gnu/libgdk-x11-2.0.so.0.2400.33
7f5b104ce000-7f5b10563000 r--s 01108000 08:20 109609                     /usr/local/bin/java/jdk1.8.0_66/jre/lib/ext/jfxrt.jar
7f5b10563000-7f5b10564000 ---p 00000000 00:00 0 
7f5b10564000-7f5b10664000 rw-p 00000000 00:00 0 
7f5b10664000-7f5b10665000 ---p 00000000 00:00 0 
7f5b10665000-7f5b10668000 ---p 00000000 00:00 0 
7f5b10668000-7f5b10765000 rw-p 00000000 00:00 0 
7f5b10765000-7f5b10766000 ---p 00000000 00:00 0 
7f5b10766000-7f5b10769000 ---p 00000000 00:00 0 
7f5b10769000-7f5b10866000 rw-p 00000000 00:00 0 
7f5b10866000-7f5b10867000 ---p 00000000 00:00 0 
7f5b10867000-7f5b1086a000 ---p 00000000 00:00 0 
7f5b1086a000-7f5b10967000 rw-p 00000000 00:00 0 
7f5b10967000-7f5b10968000 ---p 00000000 00:00 0 
7f5b10968000-7f5b1096b000 ---p 00000000 00:00 0 
7f5b1096b000-7f5b10a68000 rw-p 00000000 00:00 0 
7f5b10a68000-7f5b10a69000 ---p 00000000 00:00 0 
7f5b10a69000-7f5b14000000 rw-p 00000000 00:00 0 
7f5b14000000-7f5b14021000 rw-p 00000000 00:00 0 
7f5b14021000-7f5b18000000 ---p 00000000 00:00 0 
7f5b18000000-7f5b18021000 rw-p 00000000 00:00 0 
7f5b18021000-7f5b1c000000 ---p 00000000 00:00 0 
7f5b1c000000-7f5b1c021000 rw-p 00000000 00:00 0 
7f5b1c021000-7f5b20000000 ---p 00000000 00:00 0 
7f5b20000000-7f5b20021000 rw-p 00000000 00:00 0 
7f5b20021000-7f5b24000000 ---p 00000000 00:00 0 
7f5b24000000-7f5b24021000 rw-p 00000000 00:00 0 
7f5b24021000-7f5b28000000 ---p 00000000 00:00 0 
7f5b28000000-7f5b28021000 rw-p 00000000 00:00 0 
7f5b28021000-7f5b2c000000 ---p 00000000 00:00 0 
7f5b2c000000-7f5b2c021000 rw-p 00000000 00:00 0 
7f5b2c021000-7f5b30000000 ---p 00000000 00:00 0 
7f5b30000000-7f5b30021000 rw-p 00000000 00:00 0 
7f5b30021000-7f5b34000000 ---p 00000000 00:00 0 
7f5b34000000-7f5b34001000 rw-s a01e21000 00:01 6356                      /dev/zero (deleted)
7f5b34001000-7f5b34002000 r--p 00000000 08:20 62966                      /usr/lib/x86_64-linux-gnu/libXxf86vm.so.1.0.0
7f5b34002000-7f5b34005000 r-xp 00001000 08:20 62966                      /usr/lib/x86_64-linux-gnu/libXxf86vm.so.1.0.0
7f5b34005000-7f5b34006000 r--p 00004000 08:20 62966                      /usr/lib/x86_64-linux-gnu/libXxf86vm.so.1.0.0
7f5b34006000-7f5b34007000 r--p 00004000 08:20 62966                      /usr/lib/x86_64-linux-gnu/libXxf86vm.so.1.0.0
7f5b34007000-7f5b34008000 rw-p 00005000 08:20 62966                      /usr/lib/x86_64-linux-gnu/libXxf86vm.so.1.0.0
7f5b34008000-7f5b3400a000 r--p 00000000 08:20 61740                      /usr/lib/x86_64-linux-gnu/libXtst.so.6.1.0
7f5b3400a000-7f5b3400d000 r-xp 00002000 08:20 61740                      /usr/lib/x86_64-linux-gnu/libXtst.so.6.1.0
7f5b3400d000-7f5b3400e000 r--p 00005000 08:20 61740                      /usr/lib/x86_64-linux-gnu/libXtst.so.6.1.0
7f5b3400e000-7f5b3400f000 r--p 00005000 08:20 61740                      /usr/lib/x86_64-linux-gnu/libXtst.so.6.1.0
7f5b3400f000-7f5b34010000 rw-p 00006000 08:20 61740                      /usr/lib/x86_64-linux-gnu/libXtst.so.6.1.0
7f5b34010000-7f5b34017000 r--p 00000000 08:20 63777                      /usr/lib/x86_64-linux-gnu/libpangoft2-1.0.so.0.5000.6
7f5b34017000-7f5b34024000 r-xp 00007000 08:20 63777                      /usr/lib/x86_64-linux-gnu/libpangoft2-1.0.so.0.5000.6
7f5b34024000-7f5b34028000 r--p 00014000 08:20 63777                      /usr/lib/x86_64-linux-gnu/libpangoft2-1.0.so.0.5000.6
7f5b34028000-7f5b34029000 ---p 00018000 08:20 63777                      /usr/lib/x86_64-linux-gnu/libpangoft2-1.0.so.0.5000.6
7f5b34029000-7f5b3402a000 r--p 00018000 08:20 63777                      /usr/lib/x86_64-linux-gnu/libpangoft2-1.0.so.0.5000.6
7f5b3402a000-7f5b3402b000 rw-p 00019000 08:20 63777                      /usr/lib/x86_64-linux-gnu/libpangoft2-1.0.so.0.5000.6
7f5b3402b000-7f5b34036000 r--p 00000000 08:20 63491                      /usr/lib/x86_64-linux-gnu/libatk-1.0.so.0.23609.1
7f5b34036000-7f5b34045000 r-xp 0000b000 08:20 63491                      /usr/lib/x86_64-linux-gnu/libatk-1.0.so.0.23609.1
7f5b34045000-7f5b34051000 r--p 0001a000 08:20 63491                      /usr/lib/x86_64-linux-gnu/libatk-1.0.so.0.23609.1
7f5b34051000-7f5b34054000 r--p 00025000 08:20 63491                      /usr/lib/x86_64-linux-gnu/libatk-1.0.so.0.23609.1
7f5b34054000-7f5b34055000 rw-p 00028000 08:20 63491                      /usr/lib/x86_64-linux-gnu/libatk-1.0.so.0.23609.1
7f5b34055000-7f5b340ac000 r--p 00000000 08:20 17172                      /usr/lib/locale/C.utf8/LC_CTYPE
7f5b340ac000-7f5b35bad000 rw-p 00000000 00:00 0 
7f5b35bad000-7f5b35d86000 r--s 03d20000 08:20 109554                     /usr/local/bin/java/jdk1.8.0_66/jre/lib/rt.jar
7f5b35d86000-7f5b3685f000 rw-p 00000000 00:00 0 
7f5b3685f000-7f5b36860000 ---p 00000000 00:00 0 
7f5b36860000-7f5b36960000 rw-p 00000000 00:00 0 
7f5b36960000-7f5b36961000 ---p 00000000 00:00 0 
7f5b36961000-7f5b36a61000 rw-p 00000000 00:00 0 
7f5b36a61000-7f5b36a62000 ---p 00000000 00:00 0 
7f5b36a62000-7f5b36b62000 rw-p 00000000 00:00 0 
7f5b36b62000-7f5b36b63000 ---p 00000000 00:00 0 
7f5b36b63000-7f5b36c63000 rw-p 00000000 00:00 0 
7f5b36c63000-7f5b36c64000 ---p 00000000 00:00 0 
7f5b36c64000-7f5b36d64000 rw-p 00000000 00:00 0 
7f5b36d64000-7f5b36d65000 ---p 00000000 00:00 0 
7f5b36d65000-7f5b36e65000 rw-p 00000000 00:00 0 
7f5b36e65000-7f5b36e66000 ---p 00000000 00:00 0 
7f5b36e66000-7f5b37056000 rw-p 00000000 00:00 0 
7f5b37056000-7f5b3714c000 ---p 00000000 00:00 0 
7f5b3714c000-7f5b3723f000 rw-p 00000000 00:00 0 
7f5b3723f000-7f5b37296000 rw-p 00000000 00:00 0 
7f5b37296000-7f5b37600000 ---p 00000000 00:00 0 
7f5b37600000-7f5b38b70000 rwxp 00000000 00:00 0 
7f5b38b70000-7f5b46600000 ---p 00000000 00:00 0 
7f5b46600000-7f5b4661a000 r-xp 00000000 08:20 109754                     /usr/local/bin/java/jdk1.8.0_66/jre/lib/amd64/libzip.so
7f5b4661a000-7f5b4681a000 ---p 0001a000 08:20 109754                     /usr/local/bin/java/jdk1.8.0_66/jre/lib/amd64/libzip.so
7f5b4681a000-7f5b4681b000 rw-p 0001a000 08:20 109754                     /usr/local/bin/java/jdk1.8.0_66/jre/lib/amd64/libzip.so
7f5b4681b000-7f5b4681c000 rw-s a01e20000 00:01 6354                      /dev/zero (deleted)
7f5b4681c000-7f5b4681d000 rw-s a01e1f000 00:01 6353                      /dev/zero (deleted)
7f5b4681d000-7f5b4681e000 rw-s a01e1e000 00:01 6352                      /dev/zero (deleted)
7f5b4681e000-7f5b4681f000 rw-s a01e1d000 00:01 6351                      /dev/zero (deleted)
7f5b4681f000-7f5b46821000 r--p 00000000 08:20 18066                      /usr/lib/x86_64-linux-gnu/libgmodule-2.0.so.0.7200.4
7f5b46821000-7f5b46823000 r-xp 00002000 08:20 18066                      /usr/lib/x86_64-linux-gnu/libgmodule-2.0.so.0.7200.4
7f5b46823000-7f5b46824000 r--p 00004000 08:20 18066                      /usr/lib/x86_64-linux-gnu/libgmodule-2.0.so.0.7200.4
7f5b46824000-7f5b46825000 r--p 00004000 08:20 18066                      /usr/lib/x86_64-linux-gnu/libgmodule-2.0.so.0.7200.4
7f5b46825000-7f5b46826000 rw-p 00005000 08:20 18066                      /usr/lib/x86_64-linux-gnu/libgmodule-2.0.so.0.7200.4
7f5b46826000-7f5b468ff000 rw-p 00000000 00:00 0 
7f5b468ff000-7f5b46900000 ---p 00000000 00:00 0 
7f5b46900000-7f5b46a00000 rw-p 00000000 00:00 0 
7f5b46a00000-7f5b46a2a000 r-xp 00000000 08:20 109749                     /usr/local/bin/java/jdk1.8.0_66/jre/lib/amd64/libjava.so
7f5b46a2a000-7f5b46c2a000 ---p 0002a000 08:20 109749                     /usr/local/bin/java/jdk1.8.0_66/jre/lib/amd64/libjava.so
7f5b46c2a000-7f5b46c2c000 rw-p 0002a000 08:20 109749                     /usr/local/bin/java/jdk1.8.0_66/jre/lib/amd64/libjava.so
7f5b46c2c000-7f5b46c2d000 rw-s a01e1c000 00:01 6350                      /dev/zero (deleted)
7f5b46c2d000-7f5b46cff000 rw-p 00000000 00:00 0 
7f5b46cff000-7f5b46d00000 ---p 00000000 00:00 0 
7f5b46d00000-7f5b46e00000 rw-p 00000000 00:00 0 
7f5b46e00000-7f5b46e0d000 r-xp 00000000 08:20 109753                     /usr/local/bin/java/jdk1.8.0_66/jre/lib/amd64/libverify.so
7f5b46e0d000-7f5b4700d000 ---p 0000d000 08:20 109753                     /usr/local/bin/java/jdk1.8.0_66/jre/lib/amd64/libverify.so
7f5b4700d000-7f5b4700f000 rw-p 0000d000 08:20 109753                     /usr/local/bin/java/jdk1.8.0_66/jre/lib/amd64/libverify.so
7f5b4700f000-7f5b47010000 rw-s 9ffe28000 00:01 6349                      /dev/zero (deleted)
7f5b47010000-7f5b47011000 rw-s 9ffe27000 00:01 6348                      /dev/zero (deleted)
7f5b47011000-7f5b47012000 rw-s a01e1b000 00:01 6347                      /dev/zero (deleted)
7f5b47012000-7f5b47013000 rw-s 9ffe26000 00:01 6346                      /dev/zero (deleted)
7f5b47013000-7f5b47014000 rw-s 9ffe25000 00:01 6345                      /dev/zero (deleted)
7f5b47014000-7f5b47015000 rw-s 9ffe24000 00:01 6344                      /dev/zero (deleted)
7f5b47015000-7f5b47018000 rw-s 9ffe21000 00:01 6343                      /dev/zero (deleted)
7f5b47018000-7f5b4701a000 rw-s 9ffe1f000 00:01 6342                      /dev/zero (deleted)
7f5b4701a000-7f5b4710a000 rw-p 00000000 00:00 0 
7f5b4710a000-7f5b47200000 ---p 00000000 00:00 0 
7f5b47200000-7f5b47ebe000 r-xp 00000000 08:20 109732                     /usr/local/bin/java/jdk1.8.0_66/jre/lib/amd64/server/libjvm.so
7f5b47ebe000-7f5b480bd000 ---p 00cbe000 08:20 109732                     /usr/local/bin/java/jdk1.8.0_66/jre/lib/amd64/server/libjvm.so
7f5b480bd000-7f5b48196000 rw-p 00cbd000 08:20 109732                     /usr/local/bin/java/jdk1.8.0_66/jre/lib/amd64/server/libjvm.so
7f5b48196000-7f5b481da000 rw-p 00000000 00:00 0 
7f5b481da000-7f5b481db000 rw-s a01e1a000 00:01 6341                      /dev/zero (deleted)
7f5b481db000-7f5b481dc000 r--p 00000000 08:20 27950                      /usr/lib/x86_64-linux-gnu/libgthread-2.0.so.0.7200.4
7f5b481dc000-7f5b481dd000 r-xp 00001000 08:20 27950                      /usr/lib/x86_64-linux-gnu/libgthread-2.0.so.0.7200.4
7f5b481dd000-7f5b481de000 r--p 00002000 08:20 27950                      /usr/lib/x86_64-linux-gnu/libgthread-2.0.so.0.7200.4
7f5b481de000-7f5b481df000 r--p 00002000 08:20 27950                      /usr/lib/x86_64-linux-gnu/libgthread-2.0.so.0.7200.4
7f5b481df000-7f5b481e0000 rw-p 00003000 08:20 27950                      /usr/lib/x86_64-linux-gnu/libgthread-2.0.so.0.7200.4
7f5b481e0000-7f5b481e1000 r--p 00000000 08:20 17249                      /usr/lib/locale/C.utf8/LC_NUMERIC
7f5b481e1000-7f5b481e2000 r--p 00000000 08:20 17265                      /usr/lib/locale/C.utf8/LC_TIME
7f5b481e2000-7f5b481e3000 r--p 00000000 08:20 17151                      /usr/lib/locale/C.utf8/LC_COLLATE
7f5b481e3000-7f5b481e4000 r--p 00000000 08:20 17245                      /usr/lib/locale/C.utf8/LC_MONETARY
7f5b481e4000-7f5b481e5000 r--p 00000000 08:20 17238                      /usr/lib/locale/C.utf8/LC_MESSAGES/SYS_LC_MESSAGES
7f5b481e5000-7f5b481e6000 r--p 00000000 08:20 17254                      /usr/lib/locale/C.utf8/LC_PAPER
7f5b481e6000-7f5b481e7000 r--p 00000000 08:20 17247                      /usr/lib/locale/C.utf8/LC_NAME
7f5b481e7000-7f5b481e8000 r--p 00000000 08:20 17149                      /usr/lib/locale/C.utf8/LC_ADDRESS
7f5b481e8000-7f5b481ef000 r--s 00000000 08:20 36943                      /usr/lib/x86_64-linux-gnu/gconv/gconv-modules.cache
7f5b481ef000-7f5b481f0000 ---p 00000000 00:00 0 
7f5b481f0000-7f5b482f0000 rw-p 00000000 00:00 0 
7f5b482f0000-7f5b482fe000 r--p 00000000 08:20 36651                      /usr/lib/x86_64-linux-gnu/libm.so.6
7f5b482fe000-7f5b4837a000 r-xp 0000e000 08:20 36651                      /usr/lib/x86_64-linux-gnu/libm.so.6
7f5b4837a000-7f5b483d5000 r--p 0008a000 08:20 36651                      /usr/lib/x86_64-linux-gnu/libm.so.6
7f5b483d5000-7f5b483d6000 r--p 000e4000 08:20 36651                      /usr/lib/x86_64-linux-gnu/libm.so.6
7f5b483d6000-7f5b483d7000 rw-p 000e5000 08:20 36651                      /usr/lib/x86_64-linux-gnu/libm.so.6
7f5b483d7000-7f5b483ff000 r--p 00000000 08:20 36647                      /usr/lib/x86_64-linux-gnu/libc.so.6
7f5b483ff000-7f5b48594000 r-xp 00028000 08:20 36647                      /usr/lib/x86_64-linux-gnu/libc.so.6
7f5b48594000-7f5b485ec000 r--p 001bd000 08:20 36647                      /usr/lib/x86_64-linux-gnu/libc.so.6
7f5b485ec000-7f5b485ed000 ---p 00215000 08:20 36647                      /usr/lib/x86_64-linux-gnu/libc.so.6
7f5b485ed000-7f5b485f1000 r--p 00215000 08:20 36647                      /usr/lib/x86_64-linux-gnu/libc.so.6
7f5b485f1000-7f5b485f3000 rw-p 00219000 08:20 36647                      /usr/lib/x86_64-linux-gnu/libc.so.6
7f5b485f3000-7f5b48600000 rw-p 00000000 00:00 0 
7f5b48600000-7f5b48615000 r-xp 00000000 08:20 109369                     /usr/local/bin/java/jdk1.8.0_66/lib/amd64/jli/libjli.so
7f5b48615000-7f5b48815000 ---p 00015000 08:20 109369                     /usr/local/bin/java/jdk1.8.0_66/lib/amd64/jli/libjli.so
7f5b48815000-7f5b48816000 rw-p 00015000 08:20 109369                     /usr/local/bin/java/jdk1.8.0_66/lib/amd64/jli/libjli.so
7f5b48816000-7f5b48817000 r--p 00000000 08:20 17257                      /usr/lib/locale/C.utf8/LC_TELEPHONE
7f5b48817000-7f5b48855000 rw-p 00000000 00:00 0 
7f5b48855000-7f5b48856000 r--p 00000000 08:20 36689                      /usr/lib/x86_64-linux-gnu/librt.so.1
7f5b48856000-7f5b48857000 r-xp 00001000 08:20 36689                      /usr/lib/x86_64-linux-gnu/librt.so.1
7f5b48857000-7f5b48858000 r--p 00002000 08:20 36689                      /usr/lib/x86_64-linux-gnu/librt.so.1
7f5b48858000-7f5b48859000 r--p 00002000 08:20 36689                      /usr/lib/x86_64-linux-gnu/librt.so.1
7f5b48859000-7f5b4885a000 rw-p 00003000 08:20 36689                      /usr/lib/x86_64-linux-gnu/librt.so.1
7f5b4885a000-7f5b4885c000 rw-p 00000000 00:00 0 
7f5b4885c000-7f5b4885d000 r--p 00000000 08:20 36650                      /usr/lib/x86_64-linux-gnu/libdl.so.2
7f5b4885d000-7f5b4885e000 r-xp 00001000 08:20 36650                      /usr/lib/x86_64-linux-gnu/libdl.so.2
7f5b4885e000-7f5b4885f000 r--p 00002000 08:20 36650                      /usr/lib/x86_64-linux-gnu/libdl.so.2
7f5b4885f000-7f5b48860000 r--p 00002000 08:20 36650                      /usr/lib/x86_64-linux-gnu/libdl.so.2
7f5b48860000-7f5b48861000 rw-p 00003000 08:20 36650                      /usr/lib/x86_64-linux-gnu/libdl.so.2
7f5b48861000-7f5b48862000 r--p 00000000 08:20 36687                      /usr/lib/x86_64-linux-gnu/libpthread.so.0
7f5b48862000-7f5b48863000 r-xp 00001000 08:20 36687                      /usr/lib/x86_64-linux-gnu/libpthread.so.0
7f5b48863000-7f5b48864000 r--p 00002000 08:20 36687                      /usr/lib/x86_64-linux-gnu/libpthread.so.0
7f5b48864000-7f5b48865000 r--p 00002000 08:20 36687                      /usr/lib/x86_64-linux-gnu/libpthread.so.0
7f5b48865000-7f5b48866000 rw-p 00003000 08:20 36687                      /usr/lib/x86_64-linux-gnu/libpthread.so.0
7f5b48866000-7f5b48867000 r--p 00000000 08:20 17221                      /usr/lib/locale/C.utf8/LC_MEASUREMENT
7f5b48867000-7f5b48868000 r--p 00000000 08:20 17217                      /usr/lib/locale/C.utf8/LC_IDENTIFICATION
7f5b48868000-7f5b48870000 rw-s 00000000 08:20 120819                     /tmp/hsperfdata_lua1235/75979
7f5b48870000-7f5b48873000 rw-p 00000000 00:00 0 
7f5b48873000-7f5b48875000 r--p 00000000 08:20 35001                      /usr/lib/x86_64-linux-gnu/ld-linux-x86-64.so.2
7f5b48875000-7f5b4889f000 r-xp 00002000 08:20 35001                      /usr/lib/x86_64-linux-gnu/ld-linux-x86-64.so.2
7f5b4889f000-7f5b488aa000 r--p 0002c000 08:20 35001                      /usr/lib/x86_64-linux-gnu/ld-linux-x86-64.so.2
7f5b488aa000-7f5b488ab000 r--p 00000000 00:00 0 
7f5b488ab000-7f5b488ad000 r--p 00037000 08:20 35001                      /usr/lib/x86_64-linux-gnu/ld-linux-x86-64.so.2
7f5b488ad000-7f5b488af000 rw-p 00039000 08:20 35001                      /usr/lib/x86_64-linux-gnu/ld-linux-x86-64.so.2
7fffda939000-7fffda93c000 ---p 00000000 00:00 0 
7fffda93c000-7fffdab39000 rw-p 00000000 00:00 0                          [stack]
7fffdabea000-7fffdabee000 r--p 00000000 00:00 0                          [vvar]
7fffdabee000-7fffdabf0000 r-xp 00000000 00:00 0                          [vdso]

VM Arguments:
jvm_args: -Djna.library.path=./build/libs/backend/shared/ -Xss10000m -Dfile.encoding=UTF-8 -Duser.country -Duser.language=en -Duser.variant 
java_command: billiards.viewer.Main
java_class_path (initial): /home/lua1235/SummerResearch/BilliardsEverything 2024-05-17-Max-Kaiden-Austin-Triples2polyThreads/build/classes/java/main:/home/lua1235/SummerResearch/BilliardsEverything 2024-05-17-Max-Kaiden-Austin-Triples2polyThreads/build/resources/main:/home/lua1235/.gradle/caches/modules-2/files-2.1/org.eclipse.collections/eclipse-collections/9.2.0/f2f2406e2229497935b6e7dd6c41da7fd67f36a8/eclipse-collections-9.2.0.jar:/home/lua1235/.gradle/caches/modules-2/files-2.1/org.eclipse.collections/eclipse-collections-api/9.2.0/d106fd8588e542d2ee9d31d3e057af8bcb813396/eclipse-collections-api-9.2.0.jar:/home/lua1235/.gradle/caches/modules-2/files-2.1/com.google.guava/guava/25.1-jre/6c57e4b22b44e89e548b5c9f70f0c45fe10fb0b4/guava-25.1-jre.jar:/home/lua1235/.gradle/caches/modules-2/files-2.1/org.apache.commons/commons-math3/3.6.1/e4ba98f1d4b3c80ec46392f25e094a6a2e58fcbf/commons-math3-3.6.1.jar:/home/lua1235/.gradle/caches/modules-2/files-2.1/org.apache.commons/commons-lang3/3.7/557edd918fd41f9260963583ebf5a61a43a6b423/commons-lang3-3.7.jar:/home/lua1235/.gradle/caches/modules-2/files-2.1/io.javaslang/javaslang/2.0.5/86a8f8c75254d948dd128388b1097183e8c6564b/javaslang-2.0.5.jar:/home/lua1235/.gradle/caches/modules-2/files-2.1/org.xerial/sqlite-jdbc/3.23.1/573ef2e63230eb1bf380ac3596082d3f92473394/sqlite-jdbc-3.23.1.jar:/home/lua1235/.gradle/caches/modules-2/files-2.1/net.java.dev.jna/jna/4.5.1/65bd0cacc9c79a21c6ed8e9f588577cd3c2f85b9/jna-4.5.1.jar:/home/lua1235/.gradle/caches/modules-2/files-2.1/com.google.code.findbugs/jsr305/3.0.2/25ea2e8b0c338a877313bd4672d3fe056ea78f0d/jsr305-3.0.2.jar:/home/lua1235/.gradle/caches/modules-2/files-2.1/org.checkerframework/checker-qual/2.0.0/518929596ee3249127502a8573b2e008e2d51ed3/checker-qual-2.0.0.jar:/home/lua1235/.gradle/caches/modules-2/files-2.1/com.google.errorprone/error_prone_annotations/2.1.3/39b109f2cd352b2d71b52a3b5a1a9850e1dc304b/error_prone_annotations-2.1.3.jar:/home/lua1235/.gradle/caches/modules-2/files-2.1/com
Launcher Type: SUN_STANDARD

Environment Variables:
JAVA_HOME=/usr/local/bin/java/jdk1.8.0_66
PATH=/usr/local/sbin:/usr/local/bin:/usr/sbin:/usr/bin:/sbin:/bin:/usr/games:/usr/local/games:/usr/lib/wsl/lib:/mnt/c/WINDOWS/system32:/mnt/c/WINDOWS:/mnt/c/WINDOWS/System32/Wbem:/mnt/c/WINDOWS/System32/WindowsPowerShell/v1.0/:/mnt/c/WINDOWS/System32/OpenSSH/:/mnt/c/Program Files/Git/cmd:/mnt/c/Program Files (x86)/ZeroTier/One/:/mnt/c/Users/austi/AppData/Local/Programs/Eclipse Adoptium/jdk-17.0.7.7-hotspot/bin:/mnt/c/Users/austi/AppData/Local/Microsoft/WindowsApps:/mnt/c/Users/austi/AppData/Local/Programs/Microsoft VS Code/bin:/mnt/c/msys64/mingw64/bin:/mnt/c/Program Files/Multipass/bin:/snap/bin:/usr/local/bin/java/jdk1.8.0_66/bin
SHELL=/bin/bash
DISPLAY=:0
HOSTTYPE=x86_64

Signal Handlers:
SIGSEGV: [libjvm.so+0xaba2a0], sa_mask[0]=11111111011111111101111111111110, sa_flags=SA_RESTART|SA_SIGINFO
SIGBUS: [libjvm.so+0xaba2a0], sa_mask[0]=11111111011111111101111111111110, sa_flags=SA_RESTART|SA_SIGINFO
SIGFPE: [libjvm.so+0x917710], sa_mask[0]=11111111011111111101111111111110, sa_flags=SA_RESTART|SA_SIGINFO
SIGPIPE: SIG_IGN, sa_mask[0]=00000000000010000000000000000000, sa_flags=SA_RESTART
SIGXFSZ: [libjvm.so+0x917710], sa_mask[0]=11111111011111111101111111111110, sa_flags=SA_RESTART|SA_SIGINFO
SIGILL: [libjvm.so+0x917710], sa_mask[0]=11111111011111111101111111111110, sa_flags=SA_RESTART|SA_SIGINFO
SIGUSR1: SIG_DFL, sa_mask[0]=00000000000000000000000000000000, sa_flags=none
SIGUSR2: [libjvm.so+0x918d40], sa_mask[0]=00100000000000000000000000000000, sa_flags=SA_RESTART|SA_SIGINFO
SIGHUP: [libjvm.so+0x91a140], sa_mask[0]=11111111011111111101111111111110, sa_flags=SA_RESTART|SA_SIGINFO
SIGINT: [libjvm.so+0x91a140], sa_mask[0]=11111111011111111101111111111110, sa_flags=SA_RESTART|SA_SIGINFO
SIGTERM: [libjvm.so+0x91a140], sa_mask[0]=11111111011111111101111111111110, sa_flags=SA_RESTART|SA_SIGINFO
SIGQUIT: [libjvm.so+0x91a140], sa_mask[0]=11111111011111111101111111111110, sa_flags=SA_RESTART|SA_SIGINFO


---------------  S Y S T E M  ---------------

OS:DISTRIB_ID=Ubuntu
DISTRIB_RELEASE=22.04
DISTRIB_CODENAME=jammy
DISTRIB_DESCRIPTION="Ubuntu 22.04.4 LTS"

uname:Linux 5.15.146.1-microsoft-standard-WSL2 #1 SMP Thu Jan 11 04:09:03 UTC 2024 x86_64
libc:glibc 2.35 NPTL 2.35 
rlimit: STACK 8192k, CORE 0k, NPROC 23283, NOFILE 1048576, AS infinity
load average:1.17 1.97 2.12

/proc/meminfo:
MemTotal:        5967092 kB
MemFree:         1663112 kB
MemAvailable:    2592604 kB
Buffers:          169528 kB
Cached:           987504 kB
SwapCached:            0 kB
Active:           548568 kB
Inactive:        3338552 kB
Active(anon):       2812 kB
Inactive(anon):  2786600 kB
Active(file):     545756 kB
Inactive(file):   551952 kB
Unevictable:           0 kB
Mlocked:               0 kB
SwapTotal:       2097152 kB
SwapFree:        2097152 kB
Dirty:               104 kB
Writeback:             0 kB
AnonPages:       2708540 kB
Mapped:           282852 kB
Shmem:             59716 kB
KReclaimable:      79124 kB
Slab:             139968 kB
SReclaimable:      79124 kB
SUnreclaim:        60844 kB
KernelStack:        6748 kB
PageTables:        11284 kB
NFS_Unstable:          0 kB
Bounce:                0 kB
WritebackTmp:          0 kB
CommitLimit:     5080696 kB
Committed_AS:   36450896 kB
VmallocTotal:   34359738367 kB
VmallocUsed:       28352 kB
VmallocChunk:          0 kB
Percpu:             7616 kB
AnonHugePages:   2088960 kB
ShmemHugePages:        0 kB
ShmemPmdMapped:        0 kB
FileHugePages:         0 kB
FilePmdMapped:         0 kB
HugePages_Total:       0
HugePages_Free:        0
HugePages_Rsvd:        0
HugePages_Surp:        0
Hugepagesize:       2048 kB
Hugetlb:               0 kB
DirectMap4k:       84992 kB
DirectMap2M:     5052416 kB
DirectMap1G:    10485760 kB


CPU:total 12 (8 cores per cpu, 2 threads per core) family 6 model 167 stepping 1, cmov, cx8, fxsr, mmx, sse, sse2, sse3, ssse3, sse4.1, sse4.2, popcnt, avx, avx2, clmul, erms, 3dnowpref, lzcnt, ht, tsc, tscinvbit, bmi1, bmi2, adx

/proc/cpuinfo:
processor	: 0
vendor_id	: GenuineIntel
cpu family	: 6
model		: 167
model name	: 11th Gen Intel(R) Core(TM) i5-11400 @ 2.60GHz
stepping	: 1
microcode	: 0xffffffff
cpu MHz		: 2591.996
cache size	: 12288 KB
physical id	: 0
siblings	: 12
core id		: 0
cpu cores	: 6
apicid		: 0
initial apicid	: 0
fpu		: yes
fpu_exception	: yes
cpuid level	: 27
wp		: yes
flags		: fpu vme de pse tsc msr pae mce cx8 apic sep mtrr pge mca cmov pat pse36 clflush mmx fxsr sse sse2 ss ht syscall nx pdpe1gb rdtscp lm constant_tsc arch_perfmon rep_good nopl xtopology tsc_reliable nonstop_tsc cpuid pni pclmulqdq vmx ssse3 fma cx16 pdcm pcid sse4_1 sse4_2 x2apic movbe popcnt tsc_deadline_timer xsave avx f16c rdrand hypervisor lahf_lm abm 3dnowprefetch invpcid_single ssbd ibrs ibpb stibp ibrs_enhanced tpr_shadow vnmi ept vpid ept_ad fsgsbase tsc_adjust bmi1 avx2 smep bmi2 erms invpcid avx512f avx512dq rdseed adx smap avx512ifma clflushopt avx512cd sha_ni avx512bw avx512vl xsaveopt xsavec xgetbv1 xsaves avx512vbmi umip avx512_vbmi2 gfni vpclmulqdq avx512_vnni avx512_bitalg avx512_vpopcntdq rdpid fsrm md_clear flush_l1d arch_capabilities
vmx flags	: vnmi invvpid ept_x_only ept_ad ept_1gb tsc_offset vtpr ept vpid unrestricted_guest ept_mode_based_exec tsc_scaling
bugs		: spectre_v1 spectre_v2 spec_store_bypass swapgs mmio_stale_data retbleed eibrs_pbrsb gds
bogomips	: 5183.99
clflush size	: 64
cache_alignment	: 64
address sizes	: 39 bits physical, 48 bits virtual
power management:

processor	: 1
vendor_id	: GenuineIntel
cpu family	: 6
model		: 167
model name	: 11th Gen Intel(R) Core(TM) i5-11400 @ 2.60GHz
stepping	: 1
microcode	: 0xffffffff
cpu MHz		: 2591.996
cache size	: 12288 KB
physical id	: 0
siblings	: 12
core id		: 0
cpu cores	: 6
apicid		: 1
initial apicid	: 1
fpu		: yes
fpu_exception	: yes
cpuid level	: 27
wp		: yes
flags		: fpu vme de pse tsc msr pae mce cx8 apic sep mtrr pge mca cmov pat pse36 clflush mmx fxsr sse sse2 ss ht syscall nx pdpe1gb rdtscp lm constant_tsc arch_perfmon rep_good nopl xtopology tsc_reliable nonstop_tsc cpuid pni pclmulqdq vmx ssse3 fma cx16 pdcm pcid sse4_1 sse4_2 x2apic movbe popcnt tsc_deadline_timer xsave avx f16c rdrand hypervisor lahf_lm abm 3dnowprefetch invpcid_single ssbd ibrs ibpb stibp ibrs_enhanced tpr_shadow vnmi ept vpid ept_ad fsgsbase tsc_adjust bmi1 avx2 smep bmi2 erms invpcid avx512f avx512dq rdseed adx smap avx512ifma clflushopt avx512cd sha_ni avx512bw avx512vl xsaveopt xsavec xgetbv1 xsaves avx512vbmi umip avx512_vbmi2 gfni vpclmulqdq avx512_vnni avx512_bitalg avx512_vpopcntdq rdpid fsrm md_clear flush_l1d arch_capabilities
vmx flags	: vnmi invvpid ept_x_only ept_ad ept_1gb tsc_offset vtpr ept vpid unrestricted_guest ept_mode_based_exec tsc_scaling
bugs		: spectre_v1 spectre_v2 spec_store_bypass swapgs mmio_stale_data retbleed eibrs_pbrsb gds
bogomips	: 5183.99
clflush size	: 64
cache_alignment	: 64
address sizes	: 39 bits physical, 48 bits virtual
power management:

processor	: 2
vendor_id	: GenuineIntel
cpu family	: 6
model		: 167
model name	: 11th Gen Intel(R) Core(TM) i5-11400 @ 2.60GHz
stepping	: 1
microcode	: 0xffffffff
cpu MHz		: 2591.996
cache size	: 12288 KB
physical id	: 0
siblings	: 12
core id		: 1
cpu cores	: 6
apicid		: 2
initial apicid	: 2
fpu		: yes
fpu_exception	: yes
cpuid level	: 27
wp		: yes
flags		: fpu vme de pse tsc msr pae mce cx8 apic sep mtrr pge mca cmov pat pse36 clflush mmx fxsr sse sse2 ss ht syscall nx pdpe1gb rdtscp lm constant_tsc arch_perfmon rep_good nopl xtopology tsc_reliable nonstop_tsc cpuid pni pclmulqdq vmx ssse3 fma cx16 pdcm pcid sse4_1 sse4_2 x2apic movbe popcnt tsc_deadline_timer xsave avx f16c rdrand hypervisor lahf_lm abm 3dnowprefetch invpcid_single ssbd ibrs ibpb stibp ibrs_enhanced tpr_shadow vnmi ept vpid ept_ad fsgsbase tsc_adjust bmi1 avx2 smep bmi2 erms invpcid avx512f avx512dq rdseed adx smap avx512ifma clflushopt avx512cd sha_ni avx512bw avx512vl xsaveopt xsavec xgetbv1 xsaves avx512vbmi umip avx512_vbmi2 gfni vpclmulqdq avx512_vnni avx512_bitalg avx512_vpopcntdq rdpid fsrm md_clear flush_l1d arch_capabilities
vmx flags	: vnmi invvpid ept_x_only ept_ad ept_1gb tsc_offset vtpr ept vpid unrestricted_guest ept_mode_based_exec tsc_scaling
bugs		: spectre_v1 spectre_v2 spec_store_bypass swapgs mmio_stale_data retbleed eibrs_pbrsb gds
bogomips	: 5183.99
clflush size	: 64
cache_alignment	: 64
address sizes	: 39 bits physical, 48 bits virtual
power management:

processor	: 3
vendor_id	: GenuineIntel
cpu family	: 6
model		: 167
model name	: 11th Gen Intel(R) Core(TM) i5-11400 @ 2.60GHz
stepping	: 1
microcode	: 0xffffffff
cpu MHz		: 2591.996
cache size	: 12288 KB
physical id	: 0
siblings	: 12
core id		: 1
cpu cores	: 6
apicid		: 3
initial apicid	: 3
fpu		: yes
fpu_exception	: yes
cpuid level	: 27
wp		: yes
flags		: fpu vme de pse tsc msr pae mce cx8 apic sep mtrr pge mca cmov pat pse36 clflush mmx fxsr sse sse2 ss ht syscall nx pdpe1gb rdtscp lm constant_tsc arch_perfmon rep_good nopl xtopology tsc_reliable nonstop_tsc cpuid pni pclmulqdq vmx ssse3 fma cx16 pdcm pcid sse4_1 sse4_2 x2apic movbe popcnt tsc_deadline_timer xsave avx f16c rdrand hypervisor lahf_lm abm 3dnowprefetch invpcid_single ssbd ibrs ibpb stibp ibrs_enhanced tpr_shadow vnmi ept vpid ept_ad fsgsbase tsc_adjust bmi1 avx2 smep bmi2 erms invpcid avx512f avx512dq rdseed adx smap avx512ifma clflushopt avx512cd sha_ni avx512bw avx512vl xsaveopt xsavec xgetbv1 xsaves avx512vbmi umip avx512_vbmi2 gfni vpclmulqdq avx512_vnni avx512_bitalg avx512_vpopcntdq rdpid fsrm md_clear flush_l1d arch_capabilities
vmx flags	: vnmi invvpid ept_x_only ept_ad ept_1gb tsc_offset vtpr ept vpid unrestricted_guest ept_mode_based_exec tsc_scaling
bugs		: spectre_v1 spectre_v2 spec_store_bypass swapgs mmio_stale_data retbleed eibrs_pbrsb gds
bogomips	: 5183.99
clflush size	: 64
cache_alignment	: 64
address sizes	: 39 bits physical, 48 bits virtual
power management:

processor	: 4
vendor_id	: GenuineIntel
cpu family	: 6
model		: 167
model name	: 11th Gen Intel(R) Core(TM) i5-11400 @ 2.60GHz
stepping	: 1
microcode	: 0xffffffff
cpu MHz		: 2591.996
cache size	: 12288 KB
physical id	: 0
siblings	: 12
core id		: 2
cpu cores	: 6
apicid		: 4
initial apicid	: 4
fpu		: yes
fpu_exception	: yes
cpuid level	: 27
wp		: yes
flags		: fpu vme de pse tsc msr pae mce cx8 apic sep mtrr pge mca cmov pat pse36 clflush mmx fxsr sse sse2 ss ht syscall nx pdpe1gb rdtscp lm constant_tsc arch_perfmon rep_good nopl xtopology tsc_reliable nonstop_tsc cpuid pni pclmulqdq vmx ssse3 fma cx16 pdcm pcid sse4_1 sse4_2 x2apic movbe popcnt tsc_deadline_timer xsave avx f16c rdrand hypervisor lahf_lm abm 3dnowprefetch invpcid_single ssbd ibrs ibpb stibp ibrs_enhanced tpr_shadow vnmi ept vpid ept_ad fsgsbase tsc_adjust bmi1 avx2 smep bmi2 erms invpcid avx512f avx512dq rdseed adx smap avx512ifma clflushopt avx512cd sha_ni avx512bw avx512vl xsaveopt xsavec xgetbv1 xsaves avx512vbmi umip avx512_vbmi2 gfni vpclmulqdq avx512_vnni avx512_bitalg avx512_vpopcntdq rdpid fsrm md_clear flush_l1d arch_capabilities
vmx flags	: vnmi invvpid ept_x_only ept_ad ept_1gb tsc_offset vtpr ept vpid unrestricted_guest ept_mode_based_exec tsc_scaling
bugs		: spectre_v1 spectre_v2 spec_store_bypass swapgs mmio_stale_data retbleed eibrs_pbrsb gds
bogomips	: 5183.99
clflush size	: 64
cache_alignment	: 64
address sizes	: 39 bits physical, 48 bits virtual
power management:

processor	: 5
vendor_id	: GenuineIntel
cpu family	: 6
model		: 167
model name	: 11th Gen Intel(R) Core(TM) i5-11400 @ 2.60GHz
stepping	: 1
microcode	: 0xffffffff
cpu MHz		: 2591.996
cache size	: 12288 KB
physical id	: 0
siblings	: 12
core id		: 2
cpu cores	: 6
apicid		: 5
initial apicid	: 5
fpu		: yes
fpu_exception	: yes
cpuid level	: 27
wp		: yes
flags		: fpu vme de pse tsc msr pae mce cx8 apic sep mtrr pge mca cmov pat pse36 clflush mmx fxsr sse sse2 ss ht syscall nx pdpe1gb rdtscp lm constant_tsc arch_perfmon rep_good nopl xtopology tsc_reliable nonstop_tsc cpuid pni pclmulqdq vmx ssse3 fma cx16 pdcm pcid sse4_1 sse4_2 x2apic movbe popcnt tsc_deadline_timer xsave avx f16c rdrand hypervisor lahf_lm abm 3dnowprefetch invpcid_single ssbd ibrs ibpb stibp ibrs_enhanced tpr_shadow vnmi ept vpid ept_ad fsgsbase tsc_adjust bmi1 avx2 smep bmi2 erms invpcid avx512f avx512dq rdseed adx smap avx512ifma clflushopt avx512cd sha_ni avx512bw avx512vl xsaveopt xsavec xgetbv1 xsaves avx512vbmi umip avx512_vbmi2 gfni vpclmulqdq avx512_vnni avx512_bitalg avx512_vpopcntdq rdpid fsrm md_clear flush_l1d arch_capabilities
vmx flags	: vnmi invvpid ept_x_only ept_ad ept_1gb tsc_offset vtpr ept vpid unrestricted_guest ept_mode_based_exec tsc_scaling
bugs		: spectre_v1 spectre_v2 spec_store_bypass swapgs mmio_stale_data retbleed eibrs_pbrsb gds
bogomips	: 5183.99
clflush size	: 64
cache_alignment	: 64
address sizes	: 39 bits physical, 48 bits virtual
power management:

processor	: 6
vendor_id	: GenuineIntel
cpu family	: 6
model		: 167
model name	: 11th Gen Intel(R) Core(TM) i5-11400 @ 2.60GHz
stepping	: 1
microcode	: 0xffffffff
cpu MHz		: 2591.996
cache size	: 12288 KB
physical id	: 0
siblings	: 12
core id		: 3
cpu cores	: 6
apicid		: 6
initial apicid	: 6
fpu		: yes
fpu_exception	: yes
cpuid level	: 27
wp		: yes
flags		: fpu vme de pse tsc msr pae mce cx8 apic sep mtrr pge mca cmov pat pse36 clflush mmx fxsr sse sse2 ss ht syscall nx pdpe1gb rdtscp lm constant_tsc arch_perfmon rep_good nopl xtopology tsc_reliable nonstop_tsc cpuid pni pclmulqdq vmx ssse3 fma cx16 pdcm pcid sse4_1 sse4_2 x2apic movbe popcnt tsc_deadline_timer xsave avx f16c rdrand hypervisor lahf_lm abm 3dnowprefetch invpcid_single ssbd ibrs ibpb stibp ibrs_enhanced tpr_shadow vnmi ept vpid ept_ad fsgsbase tsc_adjust bmi1 avx2 smep bmi2 erms invpcid avx512f avx512dq rdseed adx smap avx512ifma clflushopt avx512cd sha_ni avx512bw avx512vl xsaveopt xsavec xgetbv1 xsaves avx512vbmi umip avx512_vbmi2 gfni vpclmulqdq avx512_vnni avx512_bitalg avx512_vpopcntdq rdpid fsrm md_clear flush_l1d arch_capabilities
vmx flags	: vnmi invvpid ept_x_only ept_ad ept_1gb tsc_offset vtpr ept vpid unrestricted_guest ept_mode_based_exec tsc_scaling
bugs		: spectre_v1 spectre_v2 spec_store_bypass swapgs mmio_stale_data retbleed eibrs_pbrsb gds
bogomips	: 5183.99
clflush size	: 64
cache_alignment	: 64
address sizes	: 39 bits physical, 48 bits virtual
power management:

processor	: 7
vendor_id	: GenuineIntel
cpu family	: 6
model		: 167
model name	: 11th Gen Intel(R) Core(TM) i5-11400 @ 2.60GHz
stepping	: 1
microcode	: 0xffffffff
cpu MHz		: 2591.996
cache size	: 12288 KB
physical id	: 0
siblings	: 12
core id		: 3
cpu cores	: 6
apicid		: 7
initial apicid	: 7
fpu		: yes
fpu_exception	: yes
cpuid level	: 27
wp		: yes
flags		: fpu vme de pse tsc msr pae mce cx8 apic sep mtrr pge mca cmov pat pse36 clflush mmx fxsr sse sse2 ss ht syscall nx pdpe1gb rdtscp lm constant_tsc arch_perfmon rep_good nopl xtopology tsc_reliable nonstop_tsc cpuid pni pclmulqdq vmx ssse3 fma cx16 pdcm pcid sse4_1 sse4_2 x2apic movbe popcnt tsc_deadline_timer xsave avx f16c rdrand hypervisor lahf_lm abm 3dnowprefetch invpcid_single ssbd ibrs ibpb stibp ibrs_enhanced tpr_shadow vnmi ept vpid ept_ad fsgsbase tsc_adjust bmi1 avx2 smep bmi2 erms invpcid avx512f avx512dq rdseed adx smap avx512ifma clflushopt avx512cd sha_ni avx512bw avx512vl xsaveopt xsavec xgetbv1 xsaves avx512vbmi umip avx512_vbmi2 gfni vpclmulqdq avx512_vnni avx512_bitalg avx512_vpopcntdq rdpid fsrm md_clear flush_l1d arch_capabilities
vmx flags	: vnmi invvpid ept_x_only ept_ad ept_1gb tsc_offset vtpr ept vpid unrestricted_guest ept_mode_based_exec tsc_scaling
bugs		: spectre_v1 spectre_v2 spec_store_bypass swapgs mmio_stale_data retbleed eibrs_pbrsb gds
bogomips	: 5183.99
clflush size	: 64
cache_alignment	: 64
address sizes	: 39 bits physical, 48 bits virtual
power management:

processor	: 8
vendor_id	: GenuineIntel
cpu family	: 6
model		: 167
model name	: 11th Gen Intel(R) Core(TM) i5-11400 @ 2.60GHz
stepping	: 1
microcode	: 0xffffffff
cpu MHz		: 2591.996
cache size	: 12288 KB
physical id	: 0
siblings	: 12
core id		: 4
cpu cores	: 6
apicid		: 8
initial apicid	: 8
fpu		: yes
fpu_exception	: yes
cpuid level	: 27
wp		: yes
flags		: fpu vme de pse tsc msr pae mce cx8 apic sep mtrr pge mca cmov pat pse36 clflush mmx fxsr sse sse2 ss ht syscall nx pdpe1gb rdtscp lm constant_tsc arch_perfmon rep_good nopl xtopology tsc_reliable nonstop_tsc cpuid pni pclmulqdq vmx ssse3 fma cx16 pdcm pcid sse4_1 sse4_2 x2apic movbe popcnt tsc_deadline_timer xsave avx f16c rdrand hypervisor lahf_lm abm 3dnowprefetch invpcid_single ssbd ibrs ibpb stibp ibrs_enhanced tpr_shadow vnmi ept vpid ept_ad fsgsbase tsc_adjust bmi1 avx2 smep bmi2 erms invpcid avx512f avx512dq rdseed adx smap avx512ifma clflushopt avx512cd sha_ni avx512bw avx512vl xsaveopt xsavec xgetbv1 xsaves avx512vbmi umip avx512_vbmi2 gfni vpclmulqdq avx512_vnni avx512_bitalg avx512_vpopcntdq rdpid fsrm md_clear flush_l1d arch_capabilities
vmx flags	: vnmi invvpid ept_x_only ept_ad ept_1gb tsc_offset vtpr ept vpid unrestricted_guest ept_mode_based_exec tsc_scaling
bugs		: spectre_v1 spectre_v2 spec_store_bypass swapgs mmio_stale_data retbleed eibrs_pbrsb gds
bogomips	: 5183.99
clflush size	: 64
cache_alignment	: 64
address sizes	: 39 bits physical, 48 bits virtual
power management:

processor	: 9
vendor_id	: GenuineIntel
cpu family	: 6
model		: 167
model name	: 11th Gen Intel(R) Core(TM) i5-11400 @ 2.60GHz
stepping	: 1
microcode	: 0xffffffff
cpu MHz		: 2591.996
cache size	: 12288 KB
physical id	: 0
siblings	: 12
core id		: 4
cpu cores	: 6
apicid		: 9
initial apicid	: 9
fpu		: yes
fpu_exception	: yes
cpuid level	: 27
wp		: yes
flags		: fpu vme de pse tsc msr pae mce cx8 apic sep mtrr pge mca cmov pat pse36 clflush mmx fxsr sse sse2 ss ht syscall nx pdpe1gb rdtscp lm constant_tsc arch_perfmon rep_good nopl xtopology tsc_reliable nonstop_tsc cpuid pni pclmulqdq vmx ssse3 fma cx16 pdcm pcid sse4_1 sse4_2 x2apic movbe popcnt tsc_deadline_timer xsave avx f16c rdrand hypervisor lahf_lm abm 3dnowprefetch invpcid_single ssbd ibrs ibpb stibp ibrs_enhanced tpr_shadow vnmi ept vpid ept_ad fsgsbase tsc_adjust bmi1 avx2 smep bmi2 erms invpcid avx512f avx512dq rdseed adx smap avx512ifma clflushopt avx512cd sha_ni avx512bw avx512vl xsaveopt xsavec xgetbv1 xsaves avx512vbmi umip avx512_vbmi2 gfni vpclmulqdq avx512_vnni avx512_bitalg avx512_vpopcntdq rdpid fsrm md_clear flush_l1d arch_capabilities
vmx flags	: vnmi invvpid ept_x_only ept_ad ept_1gb tsc_offset vtpr ept vpid unrestricted_guest ept_mode_based_exec tsc_scaling
bugs		: spectre_v1 spectre_v2 spec_store_bypass swapgs mmio_stale_data retbleed eibrs_pbrsb gds
bogomips	: 5183.99
clflush size	: 64
cache_alignment	: 64
address sizes	: 39 bits physical, 48 bits virtual
power management:

processor	: 10
vendor_id	: GenuineIntel
cpu family	: 6
model		: 167
model name	: 11th Gen Intel(R) Core(TM) i5-11400 @ 2.60GHz
stepping	: 1
microcode	: 0xffffffff
cpu MHz		: 2591.996
cache size	: 12288 KB
physical id	: 0
siblings	: 12
core id		: 5
cpu cores	: 6
apicid		: 10
initial apicid	: 10
fpu		: yes
fpu_exception	: yes
cpuid level	: 27
wp		: yes
flags		: fpu vme de pse tsc msr pae mce cx8 apic sep mtrr pge mca cmov pat pse36 clflush mmx fxsr sse sse2 ss ht syscall nx pdpe1gb rdtscp lm constant_tsc arch_perfmon rep_good nopl xtopology tsc_reliable nonstop_tsc cpuid pni pclmulqdq vmx ssse3 fma cx16 pdcm pcid sse4_1 sse4_2 x2apic movbe popcnt tsc_deadline_timer xsave avx f16c rdrand hypervisor lahf_lm abm 3dnowprefetch invpcid_single ssbd ibrs ibpb stibp ibrs_enhanced tpr_shadow vnmi ept vpid ept_ad fsgsbase tsc_adjust bmi1 avx2 smep bmi2 erms invpcid avx512f avx512dq rdseed adx smap avx512ifma clflushopt avx512cd sha_ni avx512bw avx512vl xsaveopt xsavec xgetbv1 xsaves avx512vbmi umip avx512_vbmi2 gfni vpclmulqdq avx512_vnni avx512_bitalg avx512_vpopcntdq rdpid fsrm md_clear flush_l1d arch_capabilities
vmx flags	: vnmi invvpid ept_x_only ept_ad ept_1gb tsc_offset vtpr ept vpid unrestricted_guest ept_mode_based_exec tsc_scaling
bugs		: spectre_v1 spectre_v2 spec_store_bypass swapgs mmio_stale_data retbleed eibrs_pbrsb gds
bogomips	: 5183.99
clflush size	: 64
cache_alignment	: 64
address sizes	: 39 bits physical, 48 bits virtual
power management:

processor	: 11
vendor_id	: GenuineIntel
cpu family	: 6
model		: 167
model name	: 11th Gen Intel(R) Core(TM) i5-11400 @ 2.60GHz
stepping	: 1
microcode	: 0xffffffff
cpu MHz		: 2591.996
cache size	: 12288 KB
physical id	: 0
siblings	: 12
core id		: 5
cpu cores	: 6
apicid		: 11
initial apicid	: 11
fpu		: yes
fpu_exception	: yes
cpuid level	: 27
wp		: yes
flags		: fpu vme de pse tsc msr pae mce cx8 apic sep mtrr pge mca cmov pat pse36 clflush mmx fxsr sse sse2 ss ht syscall nx pdpe1gb rdtscp lm constant_tsc arch_perfmon rep_good nopl xtopology tsc_reliable nonstop_tsc cpuid pni pclmulqdq vmx ssse3 fma cx16 pdcm pcid sse4_1 sse4_2 x2apic movbe popcnt tsc_deadline_timer xsave avx f16c rdrand hypervisor lahf_lm abm 3dnowprefetch invpcid_single ssbd ibrs ibpb stibp ibrs_enhanced tpr_shadow vnmi ept vpid ept_ad fsgsbase tsc_adjust bmi1 avx2 smep bmi2 erms invpcid avx512f avx512dq rdseed adx smap avx512ifma clflushopt avx512cd sha_ni avx512bw avx512vl xsaveopt xsavec xgetbv1 xsaves avx512vbmi umip avx512_vbmi2 gfni vpclmulqdq avx512_vnni avx512_bitalg avx512_vpopcntdq rdpid fsrm md_clear flush_l1d arch_capabilities
vmx flags	: vnmi invvpid ept_x_only ept_ad ept_1gb tsc_offset vtpr ept vpid unrestricted_guest ept_mode_based_exec tsc_scaling
bugs		: spectre_v1 spectre_v2 spec_store_bypass swapgs mmio_stale_data retbleed eibrs_pbrsb gds
bogomips	: 5183.99
clflush size	: 64
cache_alignment	: 64
address sizes	: 39 bits physical, 48 bits virtual
power management:



Memory: 4k page, physical 5967092k(1663112k free), swap 2097152k(2097152k free)

vm_info: Java HotSpot(TM) 64-Bit Server VM (25.66-b17) for linux-amd64 JRE (1.8.0_66-b17), built on Oct  6 2015 17:28:34 by "java_re" with gcc 4.3.0 20080428 (Red Hat 4.3.0-8)

time: Tue May 21 15:38:04 2024
elapsed time: 3139 seconds (0d 0h 52m 19s)

